ID,name,price,lon,lat
2,"120 Post Ave 19th Ward, Rochester, NY",19500 ,-77.6477423 ,43.1437845 
3,"14 Bittersweet Dr Rochester, NY",5000 ,-77.5155301 ,43.1274030 
5,"201 Rosewood Ter #2 Beechwood, Rochester, NY",44900 ,-77.5694180 ,43.1678880 
6,"911 Spencerport Rd Rochester, NY",129900 ,-77.7141088 ,43.1718463 
7,"323 Saxton St Rochester, NY",20000 ,-77.6325066 ,43.1607005 
8,"1194 Hinchey Rd Rochester, NY",119500 ,-77.7038290 ,43.1404900 
9,"65 Fairhill Dr Rochester, NY",189900 ,-77.5700070 ,43.1146664 
11,"188 Whitney St Rochester, NY",14900 ,-77.6365202 ,43.1602496 
12,"256 Glide St United Neighbors Together, Rochester, NY",29000 ,-77.6538162 ,43.1565058 
14,"3995 Lake Ave Charlotte, Rochester, NY",84000 ,-77.6191899 ,43.2433700 
16,"30 Saddleback Trl Rochester, NY",159900 ,-77.7345287 ,43.1200430 
17,"2599 Oakview Dr Rochester, NY",169900 ,-77.5864050 ,43.2166270 
18,"97 Kingston St Beechwood, Rochester, NY",49900 ,-77.5677220 ,43.1620870 
19,"471 Pardee Rd Rochester, NY",189000 ,-77.5532728 ,43.1880564 
20,"658 Smith St Rochester, NY",20000 ,-77.6321249 ,43.1607901 
23,"907 Tait Ave Rochester, NY",108900 ,-77.6504345 ,43.2422198 
25,"118 Cabot Rd Rochester, NY",104900 ,-77.6815223 ,43.2101262 
26,"227 Adams St Mayor's Heights, Rochester, NY",37000 ,-77.6238958 ,43.1486385 
27,"51 Shrubbery Ln Rochester, NY",35000 ,-77.7577680 ,43.1025610 
28,"654 N Goodman St Beechwood, Rochester, NY",280000 ,-77.5810273 ,43.1660670 
29,"232 Summit Hill Dr Rochester, NY",150000 ,-77.6537122 ,43.2577487 
33,"60 Seascape Dr Charlotte, Rochester, NY",209900 ,-77.6230090 ,43.2663690 
35,"333 Panorama Trl Rochester, NY",150000 ,-77.4967961 ,43.1419097 
36,"11 Alfred Ave Rochester, NY",104900 ,-77.6848720 ,43.0891440 
37,"25 Clover Hills Dr Rochester, NY",315000 ,-77.5481431 ,43.1074930 
40,"37 Dolman Dr Rochester, NY",154900 ,-77.6762486 ,43.1440203 
43,"300 Willow Creek Ln Rochester, NY",209900 ,-77.5676340 ,43.2174500 
44,"94 Westminster Rd East Avenue, Rochester, NY",350000 ,-77.5820312 ,43.1496962 
45,"130 Holworthy St United Neighbors Together, Rochester, NY",30000 ,-77.6532358 ,43.1607866 
47,"22 Myrtle St Lyell-Otis, Rochester, NY",24900 ,-77.6410781 ,43.1651627 
48,"2200 Highland Ave Cobbs Hill, Rochester, NY",199900 ,-77.5549378 ,43.1372625 
49,"349 Pemberton Rd Rochester, NY",94900 ,-77.5526460 ,43.2141329 
50,"129 6th St North Marketview Heights, Rochester, NY",39900 ,-77.5827149 ,43.1691952 
51,"1562 Chili Ave Rochester, NY",109900 ,-77.6771238 ,43.1365588 
52,"49 Shrubbery Ln Rochester, NY",32000 ,-77.7574290 ,43.1027230 
53,"10 Glenn Abbey Cir #Pvt Rochester, NY",129900 ,-77.6287610 ,43.2597620 
54,"7 Valencia Dr Rochester, NY",99900 ,-77.6914138 ,43.1769766 
55,"116 Cinnabar Rd Rochester, NY",109900 ,-77.5954370 ,43.2427160 
58,"148 Culver Pkwy Rochester, NY",130900 ,-77.5557199 ,43.1717700 
59,"58 Webster Ave Beechwood, Rochester, NY",49000 ,-77.5812876 ,43.1642382 
60,"28 Florida Ave Rochester, NY",100000 ,-77.6380098 ,43.2186348 
61,"1400 East Ave #301 East Avenue, Rochester, NY",85900 ,-77.5666342 ,43.1489241 
63,"158 Palm St Maplewood, Rochester, NY",25000 ,-77.6381280 ,43.1975530 
64,"38 Cheltenham Rd Charlotte, Rochester, NY",50000 ,-77.6268320 ,43.2216718 
65,"1133 Long Pond Rd Rochester, NY",85000 ,-77.6972063 ,43.2186007 
66,"29 Gennis Dr Rochester, NY",34500 ,-77.5060047 ,43.1257395 
67,"35 Drexmore Rd Culver-Winton-Main, Rochester, NY",108900 ,-77.5531631 ,43.1537837 
69,"25 Dover Park Rochester, NY",119900 ,-77.5404088 ,43.1413655 
70,"368 Parsells Ave Beechwood, Rochester, NY",38900 ,-77.5686585 ,43.1659761 
71,"21 Heather St Browncroft, Rochester, NY",89900 ,-77.5519196 ,43.1499907 
72,"87 Williston Rd Rochester, NY",94000 ,-77.6438429 ,43.2202608 
73,"249 Cabot Rd Rochester, NY",92000 ,-77.6820816 ,43.2128639 
75,"125 Dorset St Homestead Heights, Rochester, NY",62700 ,-77.5696903 ,43.1737120 
76,"4126 Culver Rd Rochester, NY",99900 ,-77.5490290 ,43.2239500 
77,"521 Ames St Dutchtown, Rochester, NY",37900 ,-77.6442079 ,43.1606882 
78,"96 Melville St Beechwood, Rochester, NY",29900 ,-77.5749494 ,43.1666356 
80,"32 Diringer Pl Beechwood, Rochester, NY",18000 ,-77.5798743 ,43.1672776 
82,"3 Bleacker Rd Northland-Lyceum, Rochester, NY",70000 ,-77.5632504 ,43.1823489 
84,"41 Cheltenham Rd Charlotte, Rochester, NY",85900 ,-77.6266890 ,43.2213040 
85,"550 Washington Ave Rochester, NY",64900 ,-77.5962880 ,43.2457960 
86,"28 Walbert Dr Rochester, NY",59900 ,-77.6737547 ,43.1368251 
88,"50 Loderdale Rd Rochester, NY",109900 ,-77.6833082 ,43.1374267 
89,"46 Castle Rd Rochester, NY",119900 ,-77.6051190 ,43.0829480 
90,"29 Juliane Dr Rochester, NY",122500 ,-77.7085119 ,43.1523311 
91,"56 Auburn Ave Rochester, NY",44900 ,-77.6928181 ,43.1760486 
92,"279 Garson Ave Beechwood, Rochester, NY",31000 ,-77.5799469 ,43.1634156 
93,"96 Boca Ave Rochester, NY",150805 ,-77.7258540 ,43.1892210 
94,"342 Ravenwood Ave 19th Ward, Rochester, NY",24900 ,-77.6555545 ,43.1388384 
96,"10 Coburg St Charlotte, Rochester, NY",89900 ,-77.6207130 ,43.2479200 
98,"1538 Saint Paul St Group 14621, Rochester, NY",49900 ,-77.6243090 ,43.1844520 
99,"7 Deb Ellen Dr Rochester, NY",158800 ,-77.7583071 ,43.1052153 
100,"112 Pennsylvania Ave North Marketview Heights, Rochester, NY",44700 ,-77.5874620 ,43.1665430 
102,"360-362 Remington St Group 14621, Rochester, NY",19900 ,-77.6109549 ,43.1824449 
103,"465 Flint St Genesee-Jefferson, Rochester, NY",44000 ,-77.6324766 ,43.1396692 
104,"656 Wilkins St Group 14621, Rochester, NY",22900 ,-77.5920989 ,43.1790949 
106,"82 Tioga Cir Rochester, NY",149900 ,-77.6638690 ,43.2393349 
107,"154 Gordon Dr Rochester, NY",249900 ,-77.7221538 ,43.2019733 
110,"1192 Elmwood Ave Strong, Rochester, NY",159900 ,-77.6059303 ,43.1254921 
111,"162 Nantucket Rd Rochester, NY",92220 ,-77.6826509 ,43.2112430 
112,"4428 Mount Read Blvd Rochester, NY",88900 ,-77.6586802 ,43.2411890 
113,"50 Sherwood Ave 19th Ward, Rochester, NY",45000 ,-77.6466904 ,43.1455744 
115,"161 Stutson St Charlotte, Rochester, NY",79900 ,-77.6162013 ,43.2508416 
116,"606 Howard Rd Rochester, NY",99900 ,-77.6907192 ,43.1522222 
117,"390 Hillside Ave Cobbs Hill, Rochester, NY",199000 ,-77.5546882 ,43.1432629 
120,"358 Bernard St Group 14621, Rochester, NY",19900 ,-77.5959098 ,43.1775150 
121,"665 Portland Ave Group 14621, Rochester, NY",29900 ,-77.5896652 ,43.1781077 
122,"1320 Brighton Henrietta Town Line Rd Rochester, NY",55000 ,-77.6433915 ,43.0935556 
123,"258 Spencer Rd Rochester, NY",94900 ,-77.5515220 ,43.1695370 
124,"85 Kalyna Dr Rochester, NY",54284 ,-77.5948970 ,43.1994700 
127,"580 Allens Creek Rd Rochester, NY",1275000 ,-77.5415329 ,43.1205907 
128,"108 Wolcott Ave Rochester, NY",118900 ,-77.7046949 ,43.1726158 
130,"97 McGuire Rd Rochester, NY",139900 ,-77.6494440 ,43.2431837 
132,"71 Montrose St Edgerton, Rochester, NY",39900 ,-77.6313110 ,43.1682030 
135,"479 Bay St North Marketview Heights, Rochester, NY",39999 ,-77.5809160 ,43.1707550 
136,"380 Edgemere Dr Rochester, NY",439900 ,-77.6370619 ,43.2743533 
137,"11-13 Burley Rd Charlotte, Rochester, NY",107312 ,-77.6283955 ,43.2206061 
138,"40 Sussex Rd Rochester, NY",95000 ,-77.5892030 ,43.0737336 
140,"187 Washington Ave Rochester, NY",119900 ,-77.5967460 ,43.2383920 
141,"294 Fernwood Ave Group 14621, Rochester, NY",56000 ,-77.5817659 ,43.1781708 
143,"331 Woodbine Ave 19th Ward, Rochester, NY",74500 ,-77.6461208 ,43.1401696 
144,"33 Mercury Dr Rochester, NY",117000 ,-77.7391846 ,43.1342631 
145,"2 Parsons Ln Rochester, NY",529900 ,-77.5333200 ,43.1313710 
146,"17 Matlyn Dr Rochester, NY",219900 ,-77.7627600 ,43.1095200 
147,"134 Horizon Dr Rochester, NY",23153 ,-77.4924411 ,43.1582009 
148,"249 Penfield Rd Rochester, NY",314900 ,-77.5322470 ,43.1371500 
149,"89 Richmond St East Avenue, Rochester, NY",57874 ,-77.5939868 ,43.1575207 
150,"145 Strathmore Dr Rochester, NY",84900 ,-77.6484902 ,43.2262251 
151,"27 Foxe Cmns Rochester, NY",189900 ,-77.7733320 ,43.1120700 
152,"66 Baycrest Dr Rochester, NY",174900 ,-77.5421230 ,43.2064380 
154,"17 Varden St Beechwood, Rochester, NY",99900 ,-77.5641225 ,43.1703379 
155,"290 Kenwood Ave 19th Ward, Rochester, NY",45000 ,-77.6391820 ,43.1431960 
156,"38 Selkirk Dr Rochester, NY",68329 ,-77.7083012 ,43.2224044 
157,"60 Cooper Rd Rochester, NY",104900 ,-77.5980340 ,43.2119540 
159,"239 Meadowdale Dr Rochester, NY",114900 ,-77.6830152 ,43.1362090 
160,"75 Cranberry Rd Rochester, NY",99900 ,-77.6988524 ,43.3053634 
161,"20 Kalyna Dr Rochester, NY",119900 ,-77.5940430 ,43.1989690 
162,"144 Lac Kine Dr Rochester, NY",154900 ,-77.5940372 ,43.1162777 
163,"1338 Island Cottage Rd Rochester, NY",139900 ,-77.6560095 ,43.2772414 
165,"372 Hague St Dutchtown, Rochester, NY",25000 ,-77.6465990 ,43.1577129 
166,"1484 N Winton Rd Rochester, NY",118544 ,-77.5394470 ,43.1741750 
167,"22 Galusha St Upper Falls, Rochester, NY",28900 ,-77.6160638 ,43.1698462 
168,"317 Almay Rd Rochester, NY",44999 ,-77.6401253 ,43.2303589 
169,"10 McKendree Dr Rochester, NY",129900 ,-77.6494527 ,43.2197755 
170,"1180 Park Ave East Avenue, Rochester, NY",249900 ,-77.5638336 ,43.1462277 
171,"41 Langford Rd Maplewood, Rochester, NY",87500 ,-77.6400052 ,43.2064464 
172,"93 Parsells Ave Beechwood, Rochester, NY",39500 ,-77.5766950 ,43.1654162 
173,"161 Dartmouth St Park Avenue, Rochester, NY",249999 ,-77.5857917 ,43.1460612 
174,"37 Broderick Dr Rochester, NY",99900 ,-77.5466450 ,43.2318030 
175,"218 Salisbury St Homestead Heights, Rochester, NY",54900 ,-77.5664094 ,43.1757125 
176,"30 Stonehill Dr Rochester, NY",104000 ,-77.6665670 ,43.2116075 
177,"3479 Winton Rd S Rochester, NY",129900 ,-77.5825418 ,43.0802124 
178,"11 Edmonds St Pearl-Meigs-Monroe, Rochester, NY",97500 ,-77.5938937 ,43.1455920 
179,"360 Clay Ave Maplewood, Rochester, NY",24900 ,-77.6399107 ,43.1918662 
183,"72 Cheshire Ln Rochester, NY",164900 ,-77.6783755 ,43.1444216 
185,"2783 Chili Ave Rochester, NY",116900 ,-77.7152692 ,43.1196169 
188,"19 6th St North Marketview Heights, Rochester, NY",20000 ,-77.5825990 ,43.1668966 
189,"78 Asbury St Swillburg, Rochester, NY",159900 ,-77.5921240 ,43.1381110 
191,"1089 N Winton Rd Culver-Winton-Main, Rochester, NY",139900 ,-77.5443273 ,43.1664733 
192,"62 Statt Rd Rochester, NY",169900 ,-77.7613718 ,43.1443515 
193,"15 Andrea Ln Rochester, NY",109900 ,-77.5568990 ,43.1887100 
194,"24 Rowley St Park Avenue, Rochester, NY",134900 ,-77.5919275 ,43.1490014 
195,"94 Belmont St Upper Monroe, Rochester, NY",160000 ,-77.5790034 ,43.1407307 
196,"293 Woodmill Dr Rochester, NY",229900 ,-77.7134587 ,43.2281506 
198,"221 Florence Ave Rochester, NY",74900 ,-77.6434527 ,43.2194652 
200,"22 Maplehurst Rd Rochester, NY",139900 ,-77.6224910 ,43.2048630 
201,"111 Ridgeview Dr Rochester, NY",139900 ,-77.5932450 ,43.2018980 
202,"86 Talnuck Dr Rochester, NY",424900 ,-77.7184586 ,43.2642872 
203,"680 Westchester Ave Rochester, NY",130000 ,-77.5451159 ,43.1737050 
207,"662 Bram Hall Dr Rochester, NY",159900 ,-77.7275230 ,43.2219434 
208,"49 Champlain St Plymouth-Exchange, Rochester, NY",28900 ,-77.6213256 ,43.1445683 
210,"86 Countryshire Dr Rochester, NY",150000 ,-77.7250504 ,43.2040115 
211,"392 Pebbleview Dr Rochester, NY",124000 ,-77.6387330 ,43.2582260 
213,"62 Dale St Group 14621, Rochester, NY",29900 ,-77.6089450 ,43.1797286 
214,"37 Curtice Rd Rochester, NY",114900 ,-77.6026940 ,43.2114170 
216,"248 Gould St Rochester, NY",155000 ,-77.5496131 ,43.1377251 
217,"32 Hawkins St Upper Falls, Rochester, NY",39900 ,-77.6170874 ,43.1724001 
219,"75 Henrietta St Swillburg, Rochester, NY",99900 ,-77.5936370 ,43.1397679 
220,"35 Morville Dr Maplewood, Rochester, NY",109900 ,-77.6397440 ,43.2100719 
221,"32 Lakeview Park Maplewood, Rochester, NY",149000 ,-77.6346692 ,43.1830988 
222,"43 Stewart Dr Rochester, NY",89900 ,-77.6764322 ,43.1357950 
223,"18 Greenaway Rd Rochester, NY",129500 ,-77.5381350 ,43.1411830 
225,"1157 Latta Rd Rochester, NY",134500 ,-77.6424840 ,43.2526564 
226,"1196 N Clinton Ave Group 14621, Rochester, NY",44000 ,-77.6133536 ,43.1812069 
229,"233 Fox Meadow Rd Rochester, NY",134900 ,-77.7022813 ,43.2049035 
230,"35 Cutler St Group 14621, Rochester, NY",49900 ,-77.6207785 ,43.1847317 
231,"31 Hillendale St 19th Ward, Rochester, NY",59900 ,-77.6519447 ,43.1344702 
232,"428 Winchester St Maplewood, Rochester, NY",87900 ,-77.6411020 ,43.2059319 
233,"215 W High Ter 19th Ward, Rochester, NY",68000 ,-77.6423050 ,43.1355526 
234,"200 Pattonwood Dr Rochester, NY",99000 ,-77.6041630 ,43.2486070 
235,"496 Ramona St Maplewood, Rochester, NY",44781 ,-77.6499534 ,43.1915698 
236,"230 Morton St Homestead Heights, Rochester, NY",59900 ,-77.5703397 ,43.1755517 
237,"409 Ridgeway Ave Maplewood, Rochester, NY",62476 ,-77.6406750 ,43.1936474 
239,"544 Lyell Ave #544 Lyell-Otis, Rochester, NY",64900 ,-77.6444212 ,43.1646235 
240,"2168 Culver Rd Rochester, NY",94900 ,-77.5604550 ,43.1858780 
243,"91 Taylor St Rochester, NY",38000 ,-77.6364332 ,43.1536693 
245,"61 Fiesta Rd Rochester, NY",159995 ,-77.7214584 ,43.1990400 
246,"25 Sharon Dr Rochester, NY",109900 ,-77.6786060 ,43.2181349 
248,"70 Tioga Cir Rochester, NY",129900 ,-77.6634408 ,43.2389951 
249,"11 Bartlett St Plymouth-Exchange, Rochester, NY",99000 ,-77.6201831 ,43.1425980 
251,"333 Cobb Ter Rochester, NY",199900 ,-77.5856940 ,43.1265990 
256,"265 Edgewood Ave Rochester, NY",222900 ,-77.5591927 ,43.1137135 
257,"323 Lowden Point Rd Rochester, NY",124900 ,-77.6945520 ,43.2945880 
258,"61 Lime Rock Ln Rochester, NY",280000 ,-77.5362300 ,43.1364460 
260,"56 Curlew St Lyell-Otis, Rochester, NY",49900 ,-77.6480022 ,43.1724806 
261,"154 Clovercrest Dr Rochester, NY",219900 ,-77.5492192 ,43.1237457 
265,"199 Leroy St Charlotte, Rochester, NY",100619 ,-77.6280388 ,43.2392981 
267,"2818 S Union St Rochester, NY",7271 ,-77.8054320 ,43.1471790 
268,"123 Castleford Rd Rochester, NY",4142 ,-77.6363627 ,43.2249918 
269,"3 Burkhard Pl Ellwanger-Barry, Rochester, NY",53892 ,-77.6039683 ,43.1409659 
270,"429 Glenwood Ave Edgerton, Rochester, NY",1399 ,-77.6415264 ,43.1767012 
271,"10 Hoeltzer St Upper Falls, Rochester, NY",2173 ,-77.6118002 ,43.1732844 
273,"92 Jersey St Culver-Winton-Main, Rochester, NY",1678 ,-77.5558323 ,43.1618004 
274,"87 Palamino Dr Rochester, NY",8259 ,-77.6033461 ,43.0789442 
275,"470 Lakeview Park Maplewood, Rochester, NY",6296 ,-77.6448767 ,43.1828392 
277,"102 Barton St Genesee-Jefferson, Rochester, NY",2870 ,-77.6331956 ,43.1334829 
278,"28 Peckham St Group 14621, Rochester, NY",9195 ,-77.6017250 ,43.1855097 
279,"76 Idle Ln Rochester, NY",10980 ,-77.6632831 ,43.1083227 
280,"88 Rosemary Dr Group 14621, Rochester, NY",7087 ,-77.5853597 ,43.1807056 
281,"73 Raeburn Ave 19th Ward, Rochester, NY",5537 ,-77.6531186 ,43.1360741 
282,"85 Glendale Park Edgerton, Rochester, NY",8454 ,-77.6361987 ,43.1758200 
283,"249 Parkway Edgerton, Rochester, NY",2706 ,-77.6345383 ,43.1690909 
285,"161 Saranac St Group 14621, Rochester, NY",1346 ,-77.6202499 ,43.1835056 
286,"202 Clay Ave Maplewood, Rochester, NY",1566 ,-77.6353970 ,43.1919180 
287,"198 Northland Ave Group 14621, Rochester, NY",4462 ,-77.5765576 ,43.1816323 
289,"61 Tacoma St Edgerton, Rochester, NY",2430 ,-77.6350397 ,43.1789516 
290,"5090 Saint Paul Blvd Rochester, NY",10499 ,-77.5975222 ,43.2505000 
291,"717-719 Plymouth Ave N Edgerton, Rochester, NY",2510 ,-77.6269720 ,43.1650930 
292,"1784 Norton St Northland-Lyceum, Rochester, NY",5384 ,-77.5740495 ,43.1878705 
293,"71 Cummings St Homestead Heights, Rochester, NY",2779 ,-77.5746676 ,43.1726171 
294,"70 Lozier St 19th Ward, Rochester, NY",1372 ,-77.6472074 ,43.1479599 
295,"25 Hillendale St 19th Ward, Rochester, NY",5118 ,-77.6517721 ,43.1344638 
296,"160-162 Wetmore Park United Neighbors Together, Rochester, NY",4882 ,-77.6570061 ,43.1627012 
297,"246 Rugby Ave 19th Ward, Rochester, NY",1728 ,-77.6430856 ,43.1427446 
298,"39 Ringle St 19th Ward, Rochester, NY",3708 ,-77.6491651 ,43.1447926 
299,"111 Superior St 19th Ward, Rochester, NY",2165 ,-77.6384871 ,43.1445135 
306,"435-437 Lexington Ave Edgerton, Rochester, NY",17062 ,-77.6414980 ,43.1790320 
317,"22 Skuse St Upper Falls, Rochester, NY",19392 ,-77.6013910 ,43.1663569 
318,"23 Cayuga St Ellwanger-Barry, Rochester, NY",125000 ,-77.6005909 ,43.1417389 
321,"87 Terrace Park 19th Ward, Rochester, NY",4901 ,-77.6389944 ,43.1299748 
322,"559 Arnett Blvd 19th Ward, Rochester, NY",1474 ,-77.6487100 ,43.1419460 
323,"17 Kestrel St Lyell-Otis, Rochester, NY",3876 ,-77.6440756 ,43.1749823 
325,"155 Gatewood Ave Rochester, NY",129900 ,-77.6923958 ,43.1507707 
326,"40 Redfield St Charlotte, Rochester, NY",82607 ,-77.6259210 ,43.2407169 
327,"208 Kenwood Ave 19th Ward, Rochester, NY",54000 ,-77.6392560 ,43.1448376 
328,"188 Warwick Ave 19th Ward, Rochester, NY",76900 ,-77.6418843 ,43.1443657 
329,"555 Hinchey Rd Rochester, NY",129500 ,-77.6865517 ,43.1386167 
331,"5 Cheviot Ln Rochester, NY",229900 ,-77.7226930 ,43.1178880 
332,"600 Dewey Ave Edgerton, Rochester, NY",159900 ,-77.6392470 ,43.1758430 
333,"102 Panorama Trl Rochester, NY",244900 ,-77.5008431 ,43.1504469 
334,"863 Washington Ave Rochester, NY",129900 ,-77.5972730 ,43.2522250 
335,"240 Rawlinson Rd Rochester, NY",84226 ,-77.6120290 ,43.2023060 
337,"80 Ashley Dr Rochester, NY",339000 ,-77.5826610 ,43.1219630 
338,"164 Rohr St North Marketview Heights, Rochester, NY",49900 ,-77.5873338 ,43.1738345 
339,"1048-1050 Bay St Homestead Heights, Rochester, NY",94900 ,-77.5650174 ,43.1715640 
340,"30 Camomile Ln Rochester, NY",199900 ,-77.7151690 ,43.2218799 
342,"136 Guildhall Rd Rochester, NY",129900 ,-77.5897096 ,43.0703797 
344,"35A Veldor Park Rochester, NY",115000 ,-77.6291830 ,43.2616040 
345,"26 High St North Marketview Heights, Rochester, NY",37000 ,-77.5812849 ,43.1735839 
346,"9 Kramer St Rochester, NY",124900 ,-77.5949860 ,43.0718317 
347,"231 Kenwood Ave 19th Ward, Rochester, NY",56000 ,-77.6398396 ,43.1443684 
348,"43 Farragut St 19th Ward, Rochester, NY",50900 ,-77.6569526 ,43.1440337 
349,"1900 Clifford Ave Northland-Lyceum, Rochester, NY",69900 ,-77.5708392 ,43.1761565 
350,"278 Forest Hills Rd Rochester, NY",299000 ,-77.5264257 ,43.1382532 
353,"54 Thornton Rd Rochester, NY",159900 ,-77.5968630 ,43.2147970 
354,"92 Maltby St United Neighbors Together, Rochester, NY",69900 ,-77.6603897 ,43.1612882 
355," Delaware Ave Rochester, NY",9000 ,-77.6730128 ,43.1007176 
356,"473 Lyell Ave Dutchtown, Rochester, NY",52400 ,-77.6402004 ,43.1643903 
357,"109 Lee Rd Rochester, NY",44500 ,-77.6810275 ,43.1670591 
359,"215 W Craig Hill Dr Rochester, NY",109900 ,-77.7213540 ,43.2079270 
360,"44 Robin St Lyell-Otis, Rochester, NY",43023 ,-77.6453518 ,43.1748583 
362,"31 Osage St Rochester, NY",68900 ,-77.5431733 ,43.2246235 
363,"27 Lake Home St Rochester, NY",79900 ,-77.6991710 ,43.3059330 
364,"78 Bonesteel St Rochester, NY",113900 ,-77.6513956 ,43.2050019 
365,"648 Helendale Rd Rochester, NY",114900 ,-77.5448440 ,43.1831130 
371,"183 Harwood Cir Rochester, NY",169900 ,-77.4924747 ,43.1507115 
377,"239 Spruce Ave 19th Ward, Rochester, NY",42851 ,-77.6439116 ,43.1280542 
379,"451 Westfield St 19th Ward, Rochester, NY",15259 ,-77.6568645 ,43.1330261 
380,"5 Laser St Group 14621, Rochester, NY",96840 ,-77.6071702 ,43.1821844 
381,"8 Avanti Dr Rochester, NY",139123 ,-77.6857060 ,43.1524103 
382,"28 Berna Ln Rochester, NY",104900 ,-77.7211199 ,43.1229340 
383,"311 Avenue B Group 14621, Rochester, NY",39900 ,-77.6177306 ,43.1784732 
384,"268 Hinchey Rd Rochester, NY",120000 ,-77.6783340 ,43.1391120 
385,"491 Wilkins St Group 14621, Rochester, NY",30000 ,-77.5967100 ,43.1786607 
387,"142 Lyncourt Park Rochester, NY",129900 ,-77.6548916 ,43.2583989 
388,"97 Danbury Cir N Rochester, NY",239900 ,-77.5722920 ,43.1192650 
389,"800 Janes Rd Rochester, NY",113815 ,-77.6862200 ,43.2685400 
390,"30 Lakeview Park Maplewood, Rochester, NY",119900 ,-77.6344830 ,43.1831440 
391,"20 Amherst St Pearl-Meigs-Monroe, Rochester, NY",275000 ,-77.5914642 ,43.1446833 
392,"27 Angela Villa Ln Rochester, NY",157500 ,-77.6880347 ,43.2259779 
393,"365 Estall Rd Rochester, NY",107500 ,-77.6391516 ,43.2325909 
397,"227 Zuber Rd Rochester, NY",124900 ,-77.5481990 ,43.2242450 
401,"22 Lill St Group 14621, Rochester, NY",32500 ,-77.6162844 ,43.1753295 
402,"193 McKinley St Culver-Winton-Main, Rochester, NY",79900 ,-77.5574851 ,43.1653216 
403,"221 Carling Rd Culver-Winton-Main, Rochester, NY",379035 ,-77.5523303 ,43.1537797 
404,"268 Susquehanna Rd Rochester, NY",249000 ,-77.5618160 ,43.1200066 
411,"128 Myrtle St Lyell-Otis, Rochester, NY",62500 ,-77.6411335 ,43.1673712 
412,"39-41 Polaris St Lyell-Otis, Rochester, NY",99900 ,-77.6677384 ,43.1747649 
414,"380 Driving Park Ave Maplewood, Rochester, NY",54000 ,-77.6403402 ,43.1811471 
415,"36 Westerleigh Rd Rochester, NY",99500 ,-77.6921390 ,43.1560390 
416,"5 San Mateo Rd Rochester, NY",124900 ,-77.7446837 ,43.1099422 
417,"32 Camomile Ln Rochester, NY",244900 ,-77.7153297 ,43.2217480 
418,"196 Dewberry Dr Rochester, NY",110000 ,-77.5490010 ,43.2256240 
420,"45 E Ridge Rd Group 14621, Rochester, NY",99900 ,-77.6168870 ,43.1923025 
423,"300 Westminster Rd Park Avenue, Rochester, NY",260000 ,-77.5840820 ,43.1455817 
424,"380 Winchester St Maplewood, Rochester, NY",89900 ,-77.6397958 ,43.2059298 
425,"90 North Dr Rochester, NY",109900 ,-77.6887073 ,43.2970794 
426,"26 Hidden Valley Rd Rochester, NY",113000 ,-77.7103510 ,43.1350800 
427,"200 Breck St Beechwood, Rochester, NY",65000 ,-77.5730088 ,43.1599306 
428,"113 Clifford Ave Upper Falls, Rochester, NY",47000 ,-77.6209567 ,43.1745211 
429,"23-25 Weaver St Group 14621, Rochester, NY",49000 ,-77.6102546 ,43.1836202 
430,"746 Oakridge Dr Rochester, NY",239900 ,-77.5813600 ,43.2406180 
431,"178 Barclay Square Dr Rochester, NY",545000 ,-77.5863361 ,43.1184627 
432,"9 Durgin St Upper Falls, Rochester, NY",43500 ,-77.6215820 ,43.1728308 
433,"28 Arbutus St Group 14621, Rochester, NY",45527 ,-77.5765080 ,43.1764500 
435,"334 Wendhurst Dr Rochester, NY",96500 ,-77.6372342 ,43.2333047 
436,"41 Limerick Ln Rochester, NY",219900 ,-77.7447527 ,43.1794956 
437,"6 Galwood Dr Rochester, NY",129900 ,-77.5749010 ,43.2067040 
438,"156 Birr St Maplewood, Rochester, NY",219900 ,-77.6355674 ,43.1855345 
439,"77 Atwood Dr Rochester, NY",129900 ,-77.7229782 ,43.1705321 
440,"46 Woodbury Pl Rochester, NY",749000 ,-77.5327329 ,43.1174550 
441,"49 Lozier St 19th Ward, Rochester, NY",79900 ,-77.6478268 ,43.1475114 
444,"65 Lisa Ann Dr Rochester, NY",109900 ,-77.6928753 ,43.1605160 
445,"124 Mount Read Blvd United Neighbors Together, Rochester, NY",80000 ,-77.6593470 ,43.1528878 
446,"80 Atwood Dr Rochester, NY",129000 ,-77.7222994 ,43.1706403 
447,"127 Emerson St Edgerton, Rochester, NY",52900 ,-77.6328950 ,43.1733910 
450,"32 Rockland Park Mayor's Heights, Rochester, NY",37000 ,-77.6333467 ,43.1479902 
452,"76 Avenue A Group 14621, Rochester, NY",49900 ,-77.6227876 ,43.1778585 
453,"88 Gardiner Ave 19th Ward, Rochester, NY",50000 ,-77.6507524 ,43.1481046 
455,"333 Long Acre Rd Rochester, NY",129900 ,-77.6083992 ,43.1988459 
457,"536 Paul Rd Rochester, NY",120000 ,-77.7213621 ,43.1066700 
458,"145 Whittier Rd Rochester, NY",129900 ,-77.7646072 ,43.1459891 
459,"25-27 Audubon St Park Avenue, Rochester, NY",284900 ,-77.5730884 ,43.1448639 
460,"8 Orchard Park Blvd Rochester, NY",142500 ,-77.5365400 ,43.1776050 
461,"238 Woodmill Dr Rochester, NY",275000 ,-77.7114145 ,43.2276226 
465,"139 Morncrest Dr Rochester, NY",57285 ,-77.6779638 ,43.1416724 
466,"1322 Dewey Ave Maplewood, Rochester, NY",325000 ,-77.6386285 ,43.1906431 
467,"107 Culverton Dr Rochester, NY",149900 ,-77.5597665 ,43.1874060 
468,"555 Flint St Genesee-Jefferson, Rochester, NY",29900 ,-77.6348590 ,43.1396782 
469,"1540 Jay St United Neighbors Together, Rochester, NY",35000 ,-77.6637580 ,43.1596520 
471,"119 Emilia Cir Rochester, NY",144900 ,-77.7233380 ,43.1600910 
474,"2019 Portland Ave Rochester, NY",179900 ,-77.5856260 ,43.2045480 
475,"444 Thurston Rd 19th Ward, Rochester, NY",3550000 ,-77.6506229 ,43.1361370 
476,"113 Lianne Dr Rochester, NY",38500 ,-77.7399815 ,43.2217183 
477,"108 Dorothy Ave Maplewood, Rochester, NY",15000 ,-77.6417589 ,43.2043250 
478,"45 Seaford Dr Rochester, NY",175000 ,-77.5909750 ,43.2054720 
479,"98 Old Pine Ln Rochester, NY",124900 ,-77.6723770 ,43.2274400 
480,"809 Harvard St Park Avenue, Rochester, NY",199900 ,-77.5713830 ,43.1441462 
482,"166 Glenwood Ave Edgerton, Rochester, NY",39900 ,-77.6341286 ,43.1771671 
483,"411 Webster Ave Beechwood, Rochester, NY",75000 ,-77.5737500 ,43.1689920 
485,"102 Carter St Group 14621, Rochester, NY",39900 ,-77.5910519 ,43.1778449 
488,"3 Virginia Ln Rochester, NY",79900 ,-77.7097574 ,43.1242841 
489,"235 Eugene St Rochester, NY",119900 ,-77.6856656 ,43.1663577 
490,"181 Kirkland Rd 19th Ward, Rochester, NY",54900 ,-77.6413529 ,43.1463172 
491,"827 Joseph Ave Group 14621, Rochester, NY",54900 ,-77.6082266 ,43.1798439 
492,"515 Maiden Ln Rochester, NY",159900 ,-77.6555782 ,43.2234208 
493,"63 Charissa Run Rochester, NY",239900 ,-77.5765114 ,43.0896582 
495,"36 Penn Ln Rochester, NY",62511 ,-77.4971000 ,43.1360870 
496,"63 Lee Rd Rochester, NY",49900 ,-77.6809446 ,43.1661059 
498,"137 Seneca Pkwy Maplewood, Rochester, NY",159900 ,-77.6313310 ,43.1886409 
500,"138 Fox Run Rochester, NY",69900 ,-77.6906080 ,43.1684840 
501,"65 Cleon St Group 14621, Rochester, NY",64900 ,-77.5973770 ,43.1831290 
505,"724 Frost Ave 19th Ward, Rochester, NY",84900 ,-77.6390649 ,43.1440179 
508,"124 Ellicott St 19th Ward, Rochester, NY",36185 ,-77.6431790 ,43.1336910 
509,"213 Kenwood Ave 19th Ward, Rochester, NY",35000 ,-77.6397981 ,43.1447099 
510,"46 Peck St South Marketview Heights, Rochester, NY",59900 ,-77.5834906 ,43.1652749 
511,"47 Devonshire Ct 19th Ward, Rochester, NY",59900 ,-77.6524459 ,43.1428744 
512,"219 Island Cottage Rd Rochester, NY",139000 ,-77.6657584 ,43.2575398 
513,"180 Saint Andrews Dr Rochester, NY",139900 ,-77.7369904 ,43.2028020 
515,"290 Windsor Rd Rochester, NY",109995 ,-77.6306360 ,43.2478311 
518,"122 Cedargrove Dr Rochester, NY",69962 ,-77.5863850 ,43.2086150 
520,"1837 Clover St Rochester, NY",229900 ,-77.5487044 ,43.1223678 
521,"151 Howard Rd Rochester, NY",99900 ,-77.6914202 ,43.1616006 
522,"239 Roslyn St 19th Ward, Rochester, NY",104000 ,-77.6428508 ,43.1373615 
523,"1033 Paul Rd Rochester, NY",159900 ,-77.7681528 ,43.1068681 
524,"27 Morton St Homestead Heights, Rochester, NY",37900 ,-77.5728674 ,43.1717786 
525,"172 Burrows St Lyell-Otis, Rochester, NY",74900 ,-77.6484019 ,43.1682139 
526,"410 Simpson Rd Rochester, NY",94900 ,-77.6066960 ,43.2004220 
527,"50 Notre Dame Dr Rochester, NY",109900 ,-77.6593066 ,43.0707054 
529,"391 Durnan St Group 14621, Rochester, NY",40000 ,-77.5880748 ,43.1821129 
530,"63 Ferris St Beechwood, Rochester, NY",114900 ,-77.5625586 ,43.1697696 
531,"91 Independence St United Neighbors Together, Rochester, NY",67900 ,-77.6579815 ,43.1525733 
532,"538 Hollenbeck St Group 14621, Rochester, NY",64900 ,-77.6155010 ,43.1887649 
533,"212 Ledgewood Dr Rochester, NY",134000 ,-77.6691312 ,43.2150993 
534,"314 Jay St Rochester, NY",59900 ,-77.6284458 ,43.1595884 
535,"147 Ridgeway Ests Rochester, NY",324900 ,-77.7177138 ,43.1907523 
536,"22 Pinewood Knl Rochester, NY",199900 ,-77.7095953 ,43.1122156 
537,"2 Debby Ln Rochester, NY",134900 ,-77.6969246 ,43.1640990 
538,"144 Faircrest Rd Rochester, NY",129900 ,-77.5877014 ,43.0775260 
541,"64 Fielding Rd Rochester, NY",99900 ,-77.6796275 ,43.2158001 
543,"126 Lexington Ave Edgerton, Rochester, NY",27881 ,-77.6326739 ,43.1795166 
545,"228 Brush Hollow Rd Rochester, NY",169900 ,-77.6999890 ,43.2034836 
548,"360 Ellinwood Dr Rochester, NY",119900 ,-77.5701820 ,43.2085280 
550,"28 Ferris St Beechwood, Rochester, NY",114900 ,-77.5615593 ,43.1701605 
551,"122 Chadwell Rd Rochester, NY",184900 ,-77.5366130 ,43.1798829 
552,"67 Atkinson St Corn Hill, Rochester, NY",124900 ,-77.6175880 ,43.1496358 
557,"393 Lowden Point Rd Rochester, NY",154900 ,-77.7022117 ,43.2929719 
559,"121 Penfield Cres Rochester, NY",224000 ,-77.5139305 ,43.1334425 
560,"86 Commodore Pkwy Rochester, NY",239000 ,-77.5205489 ,43.1395445 
561,"50 Seascape Dr Charlotte, Rochester, NY",234900 ,-77.6233380 ,43.2664840 
564,"283 Aldine St 19th Ward, Rochester, NY",116850 ,-77.6441282 ,43.1409833 
565,"431 Verona St Brown Square, Rochester, NY",76637 ,-77.6272573 ,43.1640055 
566,"50 Champlain St Plymouth-Exchange, Rochester, NY",30508 ,-77.6213183 ,43.1449577 
568,"91 Barberry Ter Group 14621, Rochester, NY",119259 ,-77.5881244 ,43.1829922 
569,"30 Arrowhead Dr Rochester, NY",188041 ,-77.6868577 ,43.1355944 
573,"886 Denise Rd Rochester, NY",92658 ,-77.6408357 ,43.2422465 
576,"215 Lake Breeze Park Rochester, NY",78247 ,-77.5479800 ,43.2194410 
577,"46 Morrison Ave Rochester, NY",78311 ,-77.6867378 ,43.0912955 
578,"25 Carthage Dr Group 14621, Rochester, NY",45433 ,-77.6258961 ,43.1781913 
579,"68 Selye Ter Maplewood, Rochester, NY",78860 ,-77.6337392 ,43.1818756 
580,"575 Birr St Maplewood, Rochester, NY",56234 ,-77.6472849 ,43.1850843 
581,"210 Dickinson St Group 14621, Rochester, NY",50314 ,-77.5900406 ,43.1865995 
582,"447 Kilbourn Rd Rochester, NY",389900 ,-77.5190470 ,43.1140630 
583,"400 Janes Rd Rochester, NY",269500 ,-77.6841752 ,43.2675841 
584,"1474 N Winton Rd Rochester, NY",122500 ,-77.5396410 ,43.1738200 
585,"144 Lincoln St South Marketview Heights, Rochester, NY",38100 ,-77.5943835 ,43.1739905 
586,"186 Sparling Dr Rochester, NY",89900 ,-77.6522150 ,43.2337371 
587,"5000 Saint Paul Blvd Rochester, NY",124900 ,-77.5970670 ,43.2487110 
588,"463 North St South Marketview Heights, Rochester, NY",459000 ,-77.6003970 ,43.1665140 
589,"55 Brett Rd Rochester, NY",124900 ,-77.5516400 ,43.1669590 
591,"1650 Norton St Group 14621, Rochester, NY",69900 ,-77.5778071 ,43.1877775 
592,"24 Hiett Rd Rochester, NY",79000 ,-77.6781554 ,43.2111735 
593,"139 Estall Rd Rochester, NY",101405 ,-77.6392084 ,43.2280186 
595,"598-602 Jay St Rochester, NY",29180 ,-77.6364660 ,43.1594093 
596,"137 Queensboro Rd Rochester, NY",114900 ,-77.5462079 ,43.1756079 
597,"115 Birch Hills Dr Rochester, NY",199500 ,-77.5515860 ,43.2303110 
603,"1 Hobart St 19th Ward, Rochester, NY",99000 ,-77.6486637 ,43.1499209 
605,"104 Lill St Group 14621, Rochester, NY",48000 ,-77.6163677 ,43.1770303 
606,"5 Lang St Group 14621, Rochester, NY",29900 ,-77.6127986 ,43.1848259 
607,"98 John Jay Dr Rochester, NY",130000 ,-77.5815550 ,43.2012200 
608,"52 Appian Dr Rochester, NY",129900 ,-77.7130967 ,43.1702080 
609,"206 Rohr St North Marketview Heights, Rochester, NY",39999 ,-77.5868528 ,43.1746425 
610,"126 Flanders St 19th Ward, Rochester, NY",49778 ,-77.6490452 ,43.1361443 
611,"102 Rauber St Upper Falls, Rochester, NY",41100 ,-77.6095497 ,43.1726969 
612,"2453 Browncroft Blvd Rochester, NY",134900 ,-77.5105766 ,43.1533431 
613,"557 Grand Ave Beechwood, Rochester, NY",113225 ,-77.5654955 ,43.1646489 
614,"270 Saint Andrews Dr Rochester, NY",186261 ,-77.7394510 ,43.2028299 
615,"32 Suellen Dr Rochester, NY",189923 ,-77.5397510 ,43.1827380 
616,"110 Atkinson St Corn Hill, Rochester, NY",89616 ,-77.6200802 ,43.1499892 
628,"98 Briar Ln Rochester, NY",155541 ,-77.5603170 ,43.2130770 
629,"39 Conrad Dr Rochester, NY",157567 ,-77.6370008 ,43.2269692 
630,"2871 Lyell Rd Rochester, NY",114673 ,-77.7050182 ,43.1643067 
631,"221 Kislingbury St Maplewood, Rochester, NY",88237 ,-77.6433480 ,43.1832860 
632,"203 Wildbriar Rd Rochester, NY",182035 ,-77.6124168 ,43.0771898 
633,"176 Woodbury St Upper Falls, Rochester, NY",83243 ,-77.5995899 ,43.1682413 
634,"781 Gillett Rd Rochester, NY",217418 ,-77.7755630 ,43.1503749 
635,"180 Meadowbriar Rd Rochester, NY",144026 ,-77.6499370 ,43.2473160 
636,"67-69 Alameda St Maplewood, Rochester, NY",148233 ,-77.6327175 ,43.1871065 
638,"16 Roycroft Dr Group 14621, Rochester, NY",35000 ,-77.5986461 ,43.1816486 
639,"95 Chimayo Rd Rochester, NY",89500 ,-77.5995949 ,43.2129000 
640,"39 Finch St #39 Edgerton, Rochester, NY",85000 ,-77.6409379 ,43.1778007 
641,"848 Thurston Rd 19th Ward, Rochester, NY",109900 ,-77.6506812 ,43.1277160 
642,"200 Jamestown Ter Rochester, NY",119900 ,-77.6665702 ,43.2287235 
644,"159 Heberton Rd Rochester, NY",114900 ,-77.5628160 ,43.1981460 
645,"604 Avenue D Group 14621, Rochester, NY",37000 ,-77.6071815 ,43.1808131 
647,"651 Ridgeway Ave Maplewood, Rochester, NY",55720 ,-77.6474269 ,43.1936745 
648,"82 Harris St Group 14621, Rochester, NY",48000 ,-77.6214841 ,43.1791266 
649,"1 Capron St #305 Central Business District, Rochester, NY",189900 ,-77.6067046 ,43.1517244 
650,"128 Whittington Rd Rochester, NY",130000 ,-77.5478814 ,43.1675803 
651,"33 Sky Ridge Dr Rochester, NY",252000 ,-77.5034109 ,43.1340137 
653,"2018 Dewey Ave Maplewood, Rochester, NY",139900 ,-77.6384203 ,43.2049628 
654,"90 Waldo Ave Rochester, NY",121900 ,-77.5557690 ,43.1755570 
657,"301 Westchester Ave Rochester, NY",94900 ,-77.5559260 ,43.1728970 
703,"62 Ontario St South Marketview Heights, Rochester, NY",47200 ,-77.5971928 ,43.1647238 
704,"28 Charlene Dr Rochester, NY",124900 ,-77.7182325 ,43.1766244 
706,"2450 Culver Rd Rochester, NY",114900 ,-77.5606370 ,43.1916240 
707,"128 Oneida St Group 14621, Rochester, NY",30870 ,-77.5824472 ,43.1829942 
709,"1786 Norton St Northland-Lyceum, Rochester, NY",2611 ,-77.5739270 ,43.1879210 
710,"65 Newport Rd Rochester, NY",119900 ,-77.5444160 ,43.2061570 
711,"259 Weyl St Group 14621, Rochester, NY",25900 ,-77.6007014 ,43.1831157 
712,"90 Merrill St Maplewood, Rochester, NY",85515 ,-77.6313581 ,43.2049605 
713,"55 Brookview Dr Rochester, NY",62900 ,-77.5939560 ,43.2090100 
714,"78 North Ave Rochester, NY",269900 ,-77.7157566 ,43.2334870 
715,"60 Briggs St 19th Ward, Rochester, NY",65000 ,-77.6578380 ,43.1451870 
716,"161 Emilia Cir Rochester, NY",71240 ,-77.7232825 ,43.1583275 
717,"261 Bretlyn Cir Rochester, NY",329900 ,-77.5912068 ,43.1079926 
718,"269 Clairmount St Group 14621, Rochester, NY",44900 ,-77.5834472 ,43.1812321 
719,"3 Dogwood Gln Rochester, NY",244900 ,-77.4994100 ,43.1465850 
721,"130 Taft Ave Rochester, NY",80899 ,-77.5752450 ,43.1903820 
722,"363 Avenue A Group 14621, Rochester, NY",20267 ,-77.6144155 ,43.1777257 
726,"26 Hertel St B.E.S.T, Rochester, NY",31000 ,-77.6340098 ,43.1528824 
728,"276 Fox Run Rochester, NY",68258 ,-77.6905880 ,43.1698830 
729,"416 Maple St Rochester, NY",39400 ,-77.6360837 ,43.1554147 
730,"197 Avenue D Group 14621, Rochester, NY",50200 ,-77.6190230 ,43.1800310 
731,"3 Angela Villa Ln Rochester, NY",184900 ,-77.6880497 ,43.2244440 
732,"472 Frost Ave Genesee-Jefferson, Rochester, NY",49208 ,-77.6319001 ,43.1439507 
733,"186 Lake Breeze Rd Rochester, NY",105900 ,-77.6314205 ,43.2401132 
734,"96 Wahl Rd Rochester, NY",108000 ,-77.5584470 ,43.1925100 
735,"259 Bretlyn Cir Rochester, NY",329900 ,-77.5912068 ,43.1079926 
736,"257 Bretlyn Cir Rochester, NY",329900 ,-77.5912068 ,43.1079926 
737,"30 Weaver St Group 14621, Rochester, NY",51900 ,-77.6101404 ,43.1839242 
738," Glen Iris Dr Rochester, NY",99900 ,-77.6388073 ,43.0710408 
739,"51 Milford St Rochester, NY",100457 ,-77.6501280 ,43.2076710 
740,"1015 Paul Rd Rochester, NY",149900 ,-77.7677104 ,43.1072017 
742,"6 Summer Pond Way Rochester, NY",177900 ,-77.7736688 ,43.1083933 
743,"52 Timarron Trl Rochester, NY",249900 ,-77.7182304 ,43.2676782 
745,"55 Holbrooke St Group 14621, Rochester, NY",59244 ,-77.5897466 ,43.1802638 
746,"255 Woodbine Ave 19th Ward, Rochester, NY",111446 ,-77.6461412 ,43.1417222 
747,"278 Aldine St 19th Ward, Rochester, NY",94941 ,-77.6439632 ,43.1414013 
748,"71 Jackson St Group 14621, Rochester, NY",94571 ,-77.5818678 ,43.1849791 
749,"63 Lakeview Park Maplewood, Rochester, NY",82905 ,-77.6376863 ,43.1823634 
750,"154 Midland Ave Group 14621, Rochester, NY",120945 ,-77.5787080 ,43.1853544 
751,"68 Northampton St Lyell-Otis, Rochester, NY",113708 ,-77.6561059 ,43.1714279 
752,"722 Thurston Rd 19th Ward, Rochester, NY",89900 ,-77.6507114 ,43.1304113 
753,"50 Josies Ln Rochester, NY",149900 ,-77.6894335 ,43.2330547 
754,"362 Falstaff Rd Rochester, NY",124900 ,-77.5490710 ,43.1703930 
755,"13 Broezel St Edgerton, Rochester, NY",124000 ,-77.6388431 ,43.1802957 
764,"273 Magnolia St Genesee-Jefferson, Rochester, NY",88515 ,-77.6301970 ,43.1376040 
765,"2560 Lyell Rd Rochester, NY",24900 ,-77.6959399 ,43.1653150 
767,"56 Morrison Ave Rochester, NY",4000 ,-77.6873870 ,43.0912770 
768,"56 Harold Ave Rochester, NY",7000 ,-77.6874210 ,43.0904950 
769,"21 Havens Rd #Lot 21 Rochester, NY",19900 ,-74.5620882 ,41.2691378 
771," Transport Dr Rochester, NY",249900 ,-77.6524230 ,43.0832611 
772,"55 Regency Oaks Blvd Rochester, NY",450000 ,-77.7572460 ,43.1358390 
775,"471 Lyell Ave Dutchtown, Rochester, NY",425000 ,-77.6401496 ,43.1641919 
776,"8 Bradford St Group 14621, Rochester, NY",16000 ,-77.6032900 ,43.1797852 
779,"285 Almay Rd Rochester, NY",67816 ,-77.6403261 ,43.2296925 
780,"222 Bancroft Dr Rochester, NY",68900 ,-77.6532696 ,43.2345136 
781,"247 Arnett Blvd 19th Ward, Rochester, NY",17443 ,-77.6399194 ,43.1419667 
782,"60 Dorking Rd Rochester, NY",139000 ,-77.5360830 ,43.1428650 
783,"2186 Clifford Ave Northland-Lyceum, Rochester, NY",55514 ,-77.5627870 ,43.1764214 
786,"78 Frederick Dr Rochester, NY",63000 ,-77.6712453 ,43.1363487 
787,"231 Ridgecrest Rd Rochester, NY",68000 ,-77.6844092 ,43.2128671 
789,"2234 Titus Ave Rochester, NY",87900 ,-77.5551590 ,43.2119610 
791,"16 Weaver St Group 14621, Rochester, NY",15000 ,-77.6105193 ,43.1839070 
793,"143 Webster Ave Beechwood, Rochester, NY",35000 ,-77.5796896 ,43.1655864 
794,"270 Latta Rd #32 Charlotte, Rochester, NY",89000 ,-77.6182932 ,43.2533002 
795,"29 Ainsworth Ln Rochester, NY",124900 ,-77.7229543 ,43.1417457 
796,"416 Hampton Blvd Rochester, NY",119900 ,-77.6291700 ,43.2503820 
798,"139 Coolidge Rd Rochester, NY",97000 ,-77.5524100 ,43.2170390 
800,"3065 Mount Read Blvd Rochester, NY",84900 ,-77.6598350 ,43.2131550 
801,"10 Willow St Lyell-Otis, Rochester, NY",55000 ,-77.6413596 ,43.1713787 
802,"95 Averill Ave South Wedge, Rochester, NY",298000 ,-77.6083690 ,43.1435440 
803,"209 Hillcrest St Group 14621, Rochester, NY",50162 ,-77.5774628 ,43.1865626 
805,"30 Bartlett St #30 Plymouth-Exchange, Rochester, NY",49900 ,-77.6211908 ,43.1429551 
807,"15 Victoria Dr Rochester, NY",225000 ,-77.5710453 ,43.1174005 
809,"379 Seward St Plymouth-Exchange, Rochester, NY",19900 ,-77.6249763 ,43.1394659 
810,"79 Villa St Lyell-Otis, Rochester, NY",42000 ,-77.6452850 ,43.1714240 
811,"277 Canterbury Rd Park Avenue, Rochester, NY",250000 ,-77.5792885 ,43.1433597 
812,"288 Hampton Blvd Rochester, NY",114900 ,-77.6291690 ,43.2477656 
813,"78 Rossmore St Rochester, NY",75000 ,-77.6877283 ,43.1699326 
815,"363 Melville St Beechwood, Rochester, NY",42750 ,-77.5673583 ,43.1665600 
817,"19 Rogers Ave Lyell-Otis, Rochester, NY",35000 ,-77.6461438 ,43.1669346 
818,"261 Chestnut Ridge Rd Rochester, NY",124900 ,-77.7510583 ,43.1155821 
822,"262 Pearl St Pearl-Meigs-Monroe, Rochester, NY",179900 ,-77.5974881 ,43.1452765 
823,"11 Lamberton Park Mayor's Heights, Rochester, NY",4500 ,-77.6335850 ,43.1498500 
824,"701-703 Culver Rd Culver-Winton-Main, Rochester, NY",8000 ,-77.5677745 ,43.1577618 
829,"51 Castleford Rd Rochester, NY",57750 ,-77.6354542 ,43.2236555 
830,"2690 Atlantic Ave Rochester, NY",150000 ,-77.4884873 ,43.1544307 
832,"63 Cummings St Homestead Heights, Rochester, NY",500 ,-77.5747592 ,43.1724486 
833,"91 Castleford Rd Rochester, NY",59900 ,-77.6359976 ,43.2243861 
836,"409 Glenwood Ave Edgerton, Rochester, NY",32500 ,-77.6408670 ,43.1766250 
838,"1408 East Ave #1408 East Avenue, Rochester, NY",199900 ,-77.5658040 ,43.1484790 
839,"348 Walzford Rd Rochester, NY",99900 ,-77.5507850 ,43.2110709 
840,"91 Riverside Dr Rochester, NY",115000 ,-77.6739187 ,43.0985172 
842,"283 Oakwood Rd Rochester, NY",75600 ,-77.6449236 ,43.2185543 
843,"151 Montcalm Dr Rochester, NY",69900 ,-77.5956150 ,43.2456800 
845,"341 Hemingway Dr Rochester, NY",169900 ,-77.5838799 ,43.1275710 
846,"47 Upton Pl Charlotte, Rochester, NY",68000 ,-77.6167120 ,43.2492611 
847,"36 Roycroft Dr Group 14621, Rochester, NY",25000 ,-77.5981380 ,43.1816710 
848,"11 Cardinal Dr Rochester, NY",130000 ,-77.7116947 ,43.1226800 
850,"1890 Culver Rd Rochester, NY",119900 ,-77.5601800 ,43.1803770 
852,"61 Pelham Rd Rochester, NY",775000 ,-77.5458440 ,43.1395520 
853,"110 Crimson Woods Ct Rochester, NY",999900 ,-77.7590300 ,43.2317729 
854,"21 Doris Rd Rochester, NY",132900 ,-77.5627450 ,43.2091480 
855,"264 Allens Creek Rd Rochester, NY",1084000 ,-77.5462789 ,43.1173986 
857,"251 Lettington Ave Rochester, NY",107900 ,-77.6806074 ,43.1375211 
858,"7 Wheeldon Dr Rochester, NY",87500 ,-77.6308780 ,43.2257869 
861,"210 Drake Dr Rochester, NY",54900 ,-77.5954110 ,43.2083260 
862,"200 Ambassador Dr Rochester, NY",729000 ,-77.5372320 ,43.1303920 
864,"69 Coldwater Rd Rochester, NY",90190 ,-77.7363976 ,43.1415840 
865,"5 Coulton Pl Plymouth-Exchange, Rochester, NY",3000 ,-77.6207852 ,43.1421005 
866,"261 Ravenwood Ave 19th Ward, Rochester, NY",73200 ,-77.6532910 ,43.1384799 
869,"100 E Ridge Rd Group 14621, Rochester, NY",59500 ,-77.6156949 ,43.1932660 
870,"81 Barrington St East Avenue, Rochester, NY",729000 ,-77.5813200 ,43.1497300 
872,"52 Curtis St Lyell-Otis, Rochester, NY",45000 ,-77.6415446 ,43.1732649 
873,"71 Ridgecrest Rd Rochester, NY",42700 ,-77.6846804 ,43.2095488 
874,"83 Ashford Cir Rochester, NY",204900 ,-77.7242160 ,43.2256880 
875,"11 Mooring Line Dr Rochester, NY",324900 ,-77.5402720 ,43.2072170 
876,"66 Hardwood Ln Rochester, NY",224900 ,-77.6911816 ,43.2404701 
877,"306-310 Seward St Plymouth-Exchange, Rochester, NY",41000 ,-77.6234270 ,43.1403136 
884,"4128 Lake Ave Charlotte, Rochester, NY",72000 ,-77.6171201 ,43.2458492 
885,"120 Orange St Rochester, NY",750 ,-77.6296668 ,43.1584912 
886,"7 Hollyvale Dr Rochester, NY",215000 ,-77.5648253 ,43.1188101 
889,"23 Saranac St Group 14621, Rochester, NY",30000 ,-77.6240547 ,43.1840104 
890,"1766 Edgemere Dr Rochester, NY",375000 ,-77.6694745 ,43.2882869 
891,"5 Blossom Cir W Rochester, NY",149900 ,-77.5318750 ,43.1489960 
894,"1400 East Ave #505 East Avenue, Rochester, NY",269900 ,-77.5666342 ,43.1489241 
895,"2561 Lac De Ville Blvd Rochester, NY",2900000 ,-77.5927964 ,43.1187721 
897,"1460 Titus Ave Rochester, NY",194500 ,-77.5768470 ,43.2115770 
898,"1030 Bay St Homestead Heights, Rochester, NY",29900 ,-77.5655750 ,43.1715380 
899,"63 Christian Ave Maplewood, Rochester, NY",51850 ,-77.6406127 ,43.2046602 
900,"696 Hidden Valley Rd Rochester, NY",82900 ,-77.7111709 ,43.1353880 
901,"160 Fairbourne Park Rochester, NY",41000 ,-77.7073500 ,43.2185270 
902,"442 Remington St Group 14621, Rochester, NY",29900 ,-77.6108635 ,43.1841251 
904,"15-17 Post Ave 19th Ward, Rochester, NY",61900 ,-77.6480109 ,43.1457999 
905,"111 Joanne Dr Rochester, NY",94900 ,-77.6548450 ,43.2091015 
906,"91 Dorset St Homestead Heights, Rochester, NY",55000 ,-77.5700195 ,43.1730908 
907,"373 Estall Rd Rochester, NY",110000 ,-77.6391281 ,43.2328332 
911,"10 Berna Ln Rochester, NY",129900 ,-77.7210580 ,43.1248160 
912,"42 Bramblewood Ln W Rochester, NY",139900 ,-77.7038371 ,43.1586460 
913,"220 Clairmount St Group 14621, Rochester, NY",44500 ,-77.5829782 ,43.1802738 
914,"357 Winona Blvd Rochester, NY",134500 ,-77.6171800 ,43.2110190 
916,"68 Terrace Park 19th Ward, Rochester, NY",4739 ,-77.6384872 ,43.1303004 
920,"168 Kislingbury St Maplewood, Rochester, NY",65000 ,-77.6418590 ,43.1838080 
921,"506 Hague St Dutchtown, Rochester, NY",14425 ,-77.6464251 ,43.1604993 
922,"31 Glasgow St Corn Hill, Rochester, NY",189900 ,-77.6147456 ,43.1460309 
923,"20 Westwind Dr Rochester, NY",199900 ,-77.7613120 ,43.1287900 
924,"210 Fairbourne Park Rochester, NY",41000 ,-77.7084069 ,43.2194080 
925,"11 Rosedale St Upper Monroe, Rochester, NY",164900 ,-77.5841573 ,43.1370080 
926,"817 Flower City Park Maplewood, Rochester, NY",67000 ,-77.6475699 ,43.1925972 
928,"36 Potter St Dutchtown, Rochester, NY",46000 ,-77.6477650 ,43.1611719 
929,"44 And 36 Pollard Ave Rochester, NY",130000 ,-77.6166290 ,43.2489090 
930,"679 Clifford Ave Upper Falls, Rochester, NY",18338 ,-77.6050500 ,43.1749780 
931,"78 Hickory Ridge Rd Rochester, NY",299000 ,-77.4975836 ,43.1471739 
932,"457 Augustine St Maplewood, Rochester, NY",5295 ,-77.6438290 ,43.1859100 
933,"59 Monica St 19th Ward, Rochester, NY",4009 ,-77.6378644 ,43.1336461 
934,"11 Price Ln Corn Hill, Rochester, NY",11198 ,-77.6191523 ,43.1457146 
935,"20 Renwood St Group 14621, Rochester, NY",11194 ,-77.5859201 ,43.1768108 
936,"381 Roycroft Dr Group 14621, Rochester, NY",11865 ,-77.5883385 ,43.1815092 
938,"37 W Ridge Rd Maplewood, Rochester, NY",6101 ,-77.6262888 ,43.1938737 
939,"31 Valley St Charlotte, Rochester, NY",64962 ,-77.6189654 ,43.2410617 
940,"29 Austin St Lyell-Otis, Rochester, NY",1000 ,-77.6435964 ,43.1666331 
941,"200 Fairbourne Park Rochester, NY",41000 ,-77.7080460 ,43.2194379 
942,"217 Malden St Rochester, NY",29587 ,-77.6656427 ,43.2016035 
944,"895 Glide St Lyell-Otis, Rochester, NY",15033 ,-77.6544100 ,43.1693930 
946,"57 Huntington Park Group 14621, Rochester, NY",12590 ,-77.6231447 ,43.1751585 
947,"1703 Blossom Rd Rochester, NY",91158 ,-77.5299830 ,43.1489550 
948,"52 Mayflower St Maplewood, Rochester, NY",48627 ,-77.6402265 ,43.2023060 
949,"94 Sobieski St Group 14621, Rochester, NY",13823 ,-77.5966775 ,43.1846194 
950,"218 Belmont Rd Rochester, NY",17590 ,-77.6273292 ,43.2499072 
951,"609 Post Ave 19th Ward, Rochester, NY",6103 ,-77.6481183 ,43.1336830 
952,"104 Gas Light Ln Rochester, NY",3725 ,-77.5410732 ,43.1518091 
953,"34 Evelyn St Rochester, NY",18556 ,-77.6819487 ,43.1697587 
954,"2345 W Henrietta Rd Rochester, NY",22893 ,-77.6277885 ,43.1050790 
955,"1086 Edgewood Ave Rochester, NY",16676 ,-77.5667774 ,43.0983177 
957,"75 Wyndale Rd Rochester, NY",20662 ,-77.5962490 ,43.2133650 
958,"86 Lisbon St Dutchtown, Rochester, NY",26296 ,-77.6451879 ,43.1612358 
959,"20 Wyand Cres Culver-Winton-Main, Rochester, NY",6916 ,-77.5549287 ,43.1641897 
960,"667 Flower City Park Maplewood, Rochester, NY",23809 ,-77.6433684 ,43.1924888 
961,"171 Taft Ave Rochester, NY",5692 ,-77.5758680 ,43.1912380 
964,"146 Kenwood Ave 19th Ward, Rochester, NY",4115 ,-77.6392716 ,43.1461254 
965,"474-476 Melville St Beechwood, Rochester, NY",15302 ,-77.5642387 ,43.1668144 
966,"435-437 Columbia Ave Genesee-Jefferson, Rochester, NY",10025 ,-77.6325940 ,43.1413980 
967,"45 Hollister St South Marketview Heights, Rochester, NY",8181 ,-77.5941912 ,43.1732946 
968,"71 High St North Marketview Heights, Rochester, NY",6340 ,-77.5800008 ,43.1732935 
969,"75 Kings Gate S Rochester, NY",139900 ,-77.5826620 ,43.2046040 
970,"7 Immel St Dutchtown, Rochester, NY",53082 ,-77.6431880 ,43.1600120 
971,"440 Wellington Ave 19th Ward, Rochester, NY",12239 ,-77.6404713 ,43.1397247 
972,"76 Summer Sky Dr Rochester, NY",31215 ,-77.6230104 ,43.0757570 
974,"1353 Clifford Ave North Marketview Heights, Rochester, NY",10031 ,-77.5861203 ,43.1754627 
976,"392 Almay Rd Rochester, NY",50018 ,-77.6408794 ,43.2318689 
977,"6 8th St North Marketview Heights, Rochester, NY",29077 ,-77.5800128 ,43.1701431 
978,"155 Glenbriar Dr Rochester, NY",109900 ,-77.6525127 ,43.2440836 
979,"282 Glen Rd Rochester, NY",60477 ,-77.5204226 ,43.1282919 
980,"85 Greenleaf St Beechwood, Rochester, NY",17046 ,-77.5718921 ,43.1582211 
982,"11 Upton Pl Charlotte, Rochester, NY",52679 ,-77.6157176 ,43.2491199 
983,"18 Vollmer Pkwy Rochester, NY",115000 ,-77.6482130 ,43.0716472 
985,"18 Lasalle St Rochester, NY",29256 ,-77.6381517 ,43.1638449 
986,"28 Dorbeth Rd Group 14621, Rochester, NY",13649 ,-77.6241145 ,43.1829589 
987,"58 Andover St Rochester, NY",59900 ,-77.6503568 ,43.2066109 
988,"5 Athens St Group 14621, Rochester, NY",29900 ,-77.6222411 ,43.1772630 
990,"251 Meadowdale Dr Rochester, NY",127900 ,-77.6824594 ,43.1362196 
992,"141 Birchwood Dr Rochester, NY",99000 ,-77.5506110 ,43.2258300 
994,"40 Peckham St Group 14621, Rochester, NY",39000 ,-77.6024985 ,43.1854737 
998,"30 English Woods Rochester, NY",274900 ,-77.7042786 ,43.2368505 
1000,"553 Long Acre Rd Rochester, NY",149900 ,-77.6021939 ,43.1993716 
1001,"28 Malling Dr Group 14621, Rochester, NY",15780 ,-77.6242469 ,43.1821424 
1006,"402 Marblehead Dr Rochester, NY",154900 ,-77.6686380 ,43.2265870 
1007,"6 Bello Ct Rochester, NY",324900 ,-77.8095491 ,43.1308909 
1008,"230 Richs Dugway Rd Rochester, NY",14101 ,-77.5221170 ,43.1466314 
1011,"578 Lake Shore Blvd Rochester, NY",49328 ,-77.5962179 ,43.2478260 
1015,"313-315 Roxborough Rd 19th Ward, Rochester, NY",16942 ,-77.6595820 ,43.1404130 
1016,"90 Estall Rd Rochester, NY",39179 ,-77.6392378 ,43.2269373 
1017,"147 Pollard Ave Charlotte, Rochester, NY",117216 ,-77.6197679 ,43.2495499 
1019,"132 Rand St Maplewood, Rochester, NY",80106 ,-77.6427379 ,43.1980270 
1022,"613 Portland Ave Group 14621, Rochester, NY",92500 ,-77.5903860 ,43.1771860 
1023,"1683 Dewey Ave Maplewood, Rochester, NY",125000 ,-77.6392509 ,43.1979707 
1025,"70 Harvington Dr Rochester, NY",199900 ,-77.5974240 ,43.2358740 
1028,"310 Child St Rochester, NY",24900 ,-77.6387034 ,43.1581987 
1029,"191 Melrose St 19th Ward, Rochester, NY",30235 ,-77.6414924 ,43.1382574 
1030,"500 E River Rd Rochester, NY",14900 ,-77.6381000 ,43.1136930 
1031,"173 Anthony St 19th Ward, Rochester, NY",44655 ,-77.6503033 ,43.1367902 
1034,"163 Sagamore Dr Rochester, NY",122636 ,-77.6037270 ,43.2312910 
1035,"32 Ferncliffe Dr Group 14621, Rochester, NY",16699 ,-77.5817500 ,43.1764060 
1036,"8 Westfield Cmns Rochester, NY",394900 ,-77.4970210 ,43.1630240 
1038,"380 Sawyer St 19th Ward, Rochester, NY",60824 ,-77.6432918 ,43.1351630 
1040,"181 Turpin St Group 14621, Rochester, NY",39000 ,-77.5892329 ,43.1856080 
1043,"223 Cummings St Homestead Heights, Rochester, NY",30000 ,-77.5731224 ,43.1755541 
1045,"25 Greenside Ln Rochester, NY",174900 ,-77.5955750 ,43.1993110 
1046,"105-107 Sterling St Lyell-Otis, Rochester, NY",60677 ,-77.6456116 ,43.1712339 
1047,"242 Electric Ave Maplewood, Rochester, NY",47250 ,-77.6408109 ,43.1910568 
1048,"343 Alfonso Dr Rochester, NY",93729 ,-77.6880912 ,43.2172303 
1049,"77 Genesee View Trl Rochester, NY",115500 ,-77.6964870 ,43.0807290 
1051,"2 Olde Post Rider Trl Rochester, NY",179900 ,-77.7024792 ,43.2365771 
1052,"65 Rosewood Ter Beechwood, Rochester, NY",55338 ,-77.5731640 ,43.1677490 
1056,"36 Taft Ave Rochester, NY",105000 ,-77.5751260 ,43.1884600 
1057,"351 Campbell St Rochester, NY",34900 ,-77.6372000 ,43.1572270 
1059,"1375 N Clinton Ave Group 14621, Rochester, NY",79900 ,-77.6140504 ,43.1849894 
1060,"47 Mohawk St Group 14621, Rochester, NY",12900 ,-77.5854180 ,43.1843670 
1061,"425 Avenue D Group 14621, Rochester, NY",29000 ,-77.6123378 ,43.1803103 
1062,"28 Cedar St Dutchtown, Rochester, NY",30000 ,-77.6429757 ,43.1559784 
1063,"143 Dewberry Dr Rochester, NY",84500 ,-77.5503960 ,43.2251970 
1064,"269 Lexington Ave Edgerton, Rochester, NY",30000 ,-77.6367035 ,43.1791452 
1066,"96 Golfside Pkwy Rochester, NY",459900 ,-77.5297740 ,43.1327650 
1070,"464 Bricker St Northland-Lyceum, Rochester, NY",32100 ,-77.5729784 ,43.1854772 
1071,"37 Red Oak Dr Rochester, NY",61200 ,-77.6479482 ,43.2118651 
1072,"93 Thorndale Ter 19th Ward, Rochester, NY",44900 ,-77.6466599 ,43.1479665 
1073,"210 Rugby Ave 19th Ward, Rochester, NY",35666 ,-77.6430822 ,43.1435199 
1074,"89 Jackie Dr Rochester, NY",139878 ,-77.6719092 ,43.2565085 
1076,"65 Waldorf Ave Rochester, NY",94900 ,-77.7034920 ,43.1771170 
1077,"4609 Lake Ave Charlotte, Rochester, NY",55000 ,-77.6118930 ,43.2550180 
1079,"98 Peppermint Dr Rochester, NY",129900 ,-77.6717191 ,43.2149626 
1080,"441 Genesee St 19th Ward, Rochester, NY",50000 ,-77.6364050 ,43.1414800 
1081,"4951 Saint Paul Blvd Rochester, NY",87500 ,-77.5975720 ,43.2476450 
1082,"595 University Ave East Avenue, Rochester, NY",425000 ,-77.5869589 ,43.1562569 
1083,"152 Montvale Ln Rochester, NY",169995 ,-77.7214558 ,43.2252099 
1084,"129 Revella St Northland-Lyceum, Rochester, NY",62918 ,-77.5641026 ,43.1789093 
1087,"1480 Dewey Ave Maplewood, Rochester, NY",189900 ,-77.6385380 ,43.1940669 
1088,"219 Cummings St Homestead Heights, Rochester, NY",36900 ,-77.5731532 ,43.1754525 
1090,"14 Scarborough Park Rochester, NY",349900 ,-77.4924350 ,43.1658339 
1091,"564 E Ridge Rd Rochester, NY",2650000 ,-77.6034477 ,43.1961107 
1092,"542 Garson Ave Beechwood, Rochester, NY",52437 ,-77.5724876 ,43.1639136 
1093,"626 Penfield Rd Rochester, NY",324900 ,-77.5218180 ,43.1379050 
1094,"18 Borchard St Group 14621, Rochester, NY",22142 ,-77.6118203 ,43.1842961 
1096,"760 Old Country Rd Rochester, NY",279900 ,-77.7121011 ,43.2569441 
1097,"150 Moulson St Group 14621, Rochester, NY",64245 ,-77.6048776 ,43.1877716 
1098,"757 Melville St Culver-Winton-Main, Rochester, NY",120000 ,-77.5562797 ,43.1665756 
1099,"3300 Buffalo Rd Rochester, NY",149900 ,-77.7419990 ,43.1422057 
1101,"1029 Hudson Ave Group 14621, Rochester, NY",9900 ,-77.5996041 ,43.1841560 
1102,"448-450 Alexander St South Marketview Heights, Rochester, NY",28000 ,-77.5916529 ,43.1614260 
1104,"225 Cos Grande Hts Rochester, NY",399900 ,-77.5944828 ,43.1072204 
1105,"12 Madera Dr Rochester, NY",114900 ,-77.7423380 ,43.1109820 
1106,"11 Babcock Dr Rochester, NY",485000 ,-77.5500100 ,43.1290690 
1109,"165 Olympia Dr Rochester, NY",159900 ,-77.6705479 ,43.2202049 
1110,"245 Ramo Dr Rochester, NY",150688 ,-77.7255360 ,43.1581710 
1111,"9 Charlene Dr Rochester, NY",118000 ,-77.7188401 ,43.1752781 
1113,"462 Newbury St Maplewood, Rochester, NY",59936 ,-77.6519348 ,43.1919028 
1114,"229 Scholfield Rd Rochester, NY",124900 ,-77.6107450 ,43.2052300 
1118,"3195 Lake Ave Charlotte, Rochester, NY",121872 ,-77.6269614 ,43.2280391 
1120,"1 8th St North Marketview Heights, Rochester, NY",51000 ,-77.5804914 ,43.1699149 
1126,"217 Hillcrest St Group 14621, Rochester, NY",57005 ,-77.5774228 ,43.1867431 
1127,"2423 Monroe Ave Rochester, NY",750000 ,-77.5558042 ,43.1180240 
1128,"291 Lowden Point Rd Rochester, NY",66911 ,-77.6915720 ,43.2955541 
1129,"135 Morrill St Group 14621, Rochester, NY",21907 ,-77.6123971 ,43.1789994 
1130,"367 Columbia Ave Genesee-Jefferson, Rochester, NY",36042 ,-77.6307023 ,43.1414237 
1131,"508 Augustine St Maplewood, Rochester, NY",74900 ,-77.6451873 ,43.1863300 
1133,"147 Avis St Maplewood, Rochester, NY",79900 ,-77.6374394 ,43.1952740 
1134,"66 Seneca Rd Rochester, NY",109000 ,-77.5556840 ,43.2164379 
1136,"2 Wangman St North Marketview Heights, Rochester, NY",86452 ,-77.5914816 ,43.1674084 
1139,"33 Dewain St Maplewood, Rochester, NY",40554 ,-77.6538293 ,43.2015628 
1140,"103-105 Hampden Rd Culver-Winton-Main, Rochester, NY",136706 ,-77.5589628 ,43.1515890 
1142,"102 Bryan St Maplewood, Rochester, NY",61900 ,-77.6400770 ,43.1846467 
1143,"57 Rialto St Group 14621, Rochester, NY",42500 ,-77.6145117 ,43.1819093 
1144,"51 Stoneleigh Ct Rochester, NY",299900 ,-77.5234190 ,43.1170305 
1145,"134 Mason St Edgerton, Rochester, NY",1000 ,-77.6367350 ,43.1803200 
1147,"221 Spencer St Edgerton, Rochester, NY",139900 ,-77.6278550 ,43.1650220 
1148,"64 Pershing Dr Homestead Heights, Rochester, NY",47500 ,-77.5687096 ,43.1725505 
1152,"632 Sable Oaks Ln Rochester, NY",334900 ,-77.5023652 ,43.1359355 
1153,"324 Glide St United Neighbors Together, Rochester, NY",69900 ,-77.6539156 ,43.1578563 
1155,"156 Augustine St Maplewood, Rochester, NY",57298 ,-77.6352835 ,43.1863864 
1158,"148 York St Rochester, NY",36414 ,-77.6372403 ,43.1531187 
1163,"59 Westchester Ave Homestead Heights, Rochester, NY",149998 ,-77.5626512 ,43.1730657 
1166,"117 Plymouth Ave N #117 Central Business District, Rochester, NY",279900 ,-77.6170241 ,43.1561057 
1168,"80 Pershing Dr Homestead Heights, Rochester, NY",48598 ,-77.5685970 ,43.1728723 
1170,"164 Gilmore St Upper Falls, Rochester, NY",39900 ,-77.5977656 ,43.1718948 
1174,"1121-1125 Park Ave East Avenue, Rochester, NY",266260 ,-77.5654580 ,43.1457380 
1176,"126 Chevalin St Group 14621, Rochester, NY",68000 ,-77.5919027 ,43.1841978 
1177,"820 Long Pond Rd Rochester, NY",275000 ,-77.6954920 ,43.2428219 
1179,"44 Norran Dr Group 14621, Rochester, NY",51894 ,-77.5777502 ,43.1831298 
1180,"44 Laser St Group 14621, Rochester, NY",32030 ,-77.6045182 ,43.1825787 
1182,"137 High St North Marketview Heights, Rochester, NY",43900 ,-77.5780722 ,43.1733894 
1183,"579-581 Child St Rochester, NY",250 ,-77.6392030 ,43.1637670 
1186,"76 Normandy Ave 19th Ward, Rochester, NY",62888 ,-77.6443175 ,43.1458767 
1187,"8 Aurora St Group 14621, Rochester, NY",37929 ,-77.5846438 ,43.1778276 
1188,"391-393 Aberdeen St 19th Ward, Rochester, NY",69594 ,-77.6470790 ,43.1389870 
1189,"206 Winterroth St Homestead Heights, Rochester, NY",70324 ,-77.5751999 ,43.1749938 
1190,"9 Saint Jacob St Group 14621, Rochester, NY",50000 ,-77.5977266 ,43.1778888 
1192,"1816-1818 Clifford Ave Northland-Lyceum, Rochester, NY",79900 ,-77.5730910 ,43.1763460 
1193,"1944 N Clinton Ave Group 14621, Rochester, NY",94900 ,-77.6120934 ,43.1965429 
1195,"463 Norran Dr Rochester, NY",76699 ,-77.5788614 ,43.1917351 
1196,"111 Plymouth Ave N #111 Central Business District, Rochester, NY",299900 ,-77.6170209 ,43.1564359 
1197,"44 Parkwood Rd Maplewood, Rochester, NY",76170 ,-77.6399431 ,43.2083574 
1198,"105 Willowood Dr Rochester, NY",399900 ,-77.6895391 ,43.2501023 
1199,"170 Traver Cir Northland-Lyceum, Rochester, NY",59969 ,-77.5712803 ,43.1848199 
1202,"248 Alameda St Maplewood, Rochester, NY",56970 ,-77.6377740 ,43.1873002 
1203,"708 Parsells Ave Culver-Winton-Main, Rochester, NY",68387 ,-77.5588958 ,43.1662668 
1205,"1063 Farnsworth Rd S Rochester, NY",111051 ,-77.6000001 ,43.0668592 
1207,"95 Ridgewood Dr Rochester, NY",114900 ,-77.5610330 ,43.2060869 
1208,"74 Ardella St Rochester, NY",84900 ,-77.6922370 ,43.1632376 
1209,"125 Ellsinore St Lyell-Otis, Rochester, NY",64906 ,-77.6563123 ,43.1690520 
1213,"12 Judson Ter 19th Ward, Rochester, NY",34900 ,-77.6382848 ,43.1454639 
1214,"260 Lyceum St Northland-Lyceum, Rochester, NY",83038 ,-77.5679315 ,43.1815214 
1215,"43 Robin St Lyell-Otis, Rochester, NY",39000 ,-77.6458921 ,43.1748593 
1217,"345 Clark Ave Rochester, NY",85759 ,-77.5750960 ,43.1948530 
1218,"550 Birr St Maplewood, Rochester, NY",59536 ,-77.6465631 ,43.1854503 
1219,"188 Congress Ave 19th Ward, Rochester, NY",32489 ,-77.6421844 ,43.1293438 
1220,"806 Portland Ave Group 14621, Rochester, NY",44074 ,-77.5874348 ,43.1805711 
1222,"34 Capri Dr Rochester, NY",97077 ,-77.7265497 ,43.1480825 
1227,"18 Kingsboro Rd 19th Ward, Rochester, NY",65551 ,-77.6449075 ,43.1239410 
1229,"483 Newbury St Maplewood, Rochester, NY",63047 ,-77.6525091 ,43.1923987 
1231,"12 Bradford St Group 14621, Rochester, NY",40086 ,-77.6032968 ,43.1799712 
1233,"635 Wilkins St Group 14621, Rochester, NY",25686 ,-77.5926139 ,43.1787755 
1236,"27 Woodhaven Dr Rochester, NY",168168 ,-77.5203971 ,43.1672918 
1237,"11 Galwood Dr Rochester, NY",109446 ,-77.5737100 ,43.2061720 
1239,"233 Taft Ave Rochester, NY",58979 ,-77.5759220 ,43.1925000 
1240,"9 Straub St Edgerton, Rochester, NY",33000 ,-77.6377429 ,43.1799755 
1241,"84 Mayflower St Maplewood, Rochester, NY",85376 ,-77.6402132 ,43.2029456 
1242,"510 Westage At The Hbr Rochester, NY",64900 ,-77.6021010 ,43.2554490 
1243,"1 Old Acre Ln Rochester, NY",289851 ,-77.5477945 ,43.1018053 
1245,"92 Brooklea Dr Rochester, NY",131092 ,-77.6955853 ,43.1380699 
1246,"506 Electric Ave Maplewood, Rochester, NY",59171 ,-77.6482862 ,43.1910369 
1247,"54 Northampton St Lyell-Otis, Rochester, NY",63151 ,-77.6560928 ,43.1711323 
1248,"167 Salina St 19th Ward, Rochester, NY",61934 ,-77.6522752 ,43.1433747 
1249,"133 Fairgate St United Neighbors Together, Rochester, NY",72900 ,-77.6584042 ,43.1621767 
1252,"225 Marblehead Dr Rochester, NY",89187 ,-77.6716537 ,43.2282563 
1253,"103 Ridgemar Rd Rochester, NY",104899 ,-77.6484551 ,43.2077967 
1255,"877 Surrey Hill Way Rochester, NY",209900 ,-77.5733689 ,43.0929154 
1256,"39 Madison St B.E.S.T, Rochester, NY",94900 ,-77.6279974 ,43.1543854 
1257,"705 Culver Rd #715 Beechwood, Rochester, NY",101894 ,-77.5677333 ,43.1578392 
1259,"139 Rand St Maplewood, Rochester, NY",87546 ,-77.6428752 ,43.1976880 
1260,"203 Weaver St Group 14621, Rochester, NY",45900 ,-77.6050445 ,43.1837000 
1261,"281 Bay Village Dr Rochester, NY",92404 ,-77.5329900 ,43.1943920 
1262,"244 Cole Ave Rochester, NY",89870 ,-77.7085260 ,43.1747839 
1264,"26 Ketchum St Group 14621, Rochester, NY",45619 ,-77.6126871 ,43.1786760 
1267,"101 Belmont Rd Rochester, NY",147158 ,-77.6267750 ,43.2475090 
1269,"528 Hague St Dutchtown, Rochester, NY",92793 ,-77.6464293 ,43.1609967 
1273,"109 Avenue B #2 Group 14621, Rochester, NY",44900 ,-73.8046512 ,40.6883839 
1276,"59 Cardogan Sq Rochester, NY",119900 ,-77.5018599 ,43.1695730 
1277,"150 Ellicott St 19th Ward, Rochester, NY",81650 ,-77.6439429 ,43.1336889 
1283,"15 Winter Hazel Ct Rochester, NY",102522 ,-77.7120817 ,43.1654082 
1284,"42 Fielding Rd Rochester, NY",160967 ,-77.6789639 ,43.2158590 
1286,"64 Locust St Edgerton, Rochester, NY",68149 ,-77.6360771 ,43.1744999 
1287,"206 Depew St 19th Ward, Rochester, NY",55000 ,-77.6531806 ,43.1456480 
1288,"20 Tone Ter Rochester, NY",147900 ,-77.5912170 ,43.2506910 
1289,"45 Wildflower Dr Rochester, NY",155507 ,-77.6190648 ,43.0741494 
1291,"127 Curtis St Lyell-Otis, Rochester, NY",107419 ,-77.6436206 ,43.1729290 
1292,"230 Ernst St Group 14621, Rochester, NY",55968 ,-77.5927549 ,43.1829019 
1293,"33 Mead St Group 14621, Rochester, NY",134539 ,-77.6123307 ,43.1762348 
1294,"55 Luzerne St Upper Monroe, Rochester, NY",186106 ,-77.5830176 ,43.1415420 
1296,"1645 Titus Ave Rochester, NY",206057 ,-77.5713810 ,43.2108980 
1297,"8 Bright Oaks Cir Rochester, NY",139900 ,-77.7261110 ,43.1144559 
1298,"44 Hinkley Ln Rochester, NY",215369 ,-77.7202366 ,43.1406518 
1299,"111 Grand Ave Beechwood, Rochester, NY",125281 ,-77.5810851 ,43.1642140 
1301,"77 Skylane Dr Group 14621, Rochester, NY",94280 ,-77.5932398 ,43.1831677 
1302,"700-702 Genesee St Genesee-Jefferson, Rochester, NY",74639 ,-77.6357879 ,43.1362797 
1304,"67 Roslyn St 19th Ward, Rochester, NY",125152 ,-77.6379970 ,43.1373921 
1305,"877 Post Ave 19th Ward, Rochester, NY",95855 ,-77.6477246 ,43.1281455 
1307,"15 Bellaqua Estates Ct Rochester, NY",1389244 ,-77.7616220 ,43.0924420 
1308,"53 Finch St Edgerton, Rochester, NY",76718 ,-77.6409525 ,43.1785918 
1309,"240 Kirk Rd Rochester, NY",436838 ,-77.6758243 ,43.2574525 
1311,"171 Pearson Ln Rochester, NY",221960 ,-77.6868369 ,43.2429599 
1312,"101 Saint Patrick Dr Rochester, NY",189039 ,-77.6392097 ,43.0731489 
1313,"56 Northlane Dr Group 14621, Rochester, NY",89500 ,-77.5950287 ,43.1881622 
1314,"91 Huntington Park Group 14621, Rochester, NY",117393 ,-77.6225179 ,43.1752826 
1315,"209 Pershing Dr Homestead Heights, Rochester, NY",127265 ,-77.5679488 ,43.1754875 
1317,"32 Flint Lock Cir Rochester, NY",208938 ,-77.7038659 ,43.1141504 
1318,"386 Brookview Dr Rochester, NY",193068 ,-77.5963290 ,43.2037350 
1319,"269 Southridge Dr Rochester, NY",210716 ,-77.7251810 ,43.1993033 
1320,"69 White Oaks Dr Rochester, NY",226441 ,-77.6413150 ,43.2517452 
1322,"72 Saint Jacob St Group 14621, Rochester, NY",78021 ,-77.5921828 ,43.1783306 
1323,"44 W Forest Dr Rochester, NY",267956 ,-77.7760775 ,43.1169297 
1324,"153 Empire Blvd Rochester, NY",144083 ,-77.5530200 ,43.1762730 
1325,"113 Orland Rd Rochester, NY",156605 ,-77.5582352 ,43.2082253 
1327,"154 Jamestown Ter Rochester, NY",135499 ,-77.6665429 ,43.2275848 
1328,"8 Skylane Dr Group 14621, Rochester, NY",77811 ,-77.5952055 ,43.1834734 
1329,"3233 Culver Rd Rochester, NY",140523 ,-77.5620318 ,43.2078116 
1330,"151 Gorsline St Maplewood, Rochester, NY",112626 ,-77.6251199 ,43.1916001 
1331,"210 Whittier Rd Rochester, NY",167684 ,-77.7738782 ,43.1486502 
1332,"332-334 Genesee St Genesee-Jefferson, Rochester, NY",70222 ,-77.6358951 ,43.1434931 
1334,"1047 Norton St Group 14621, Rochester, NY",55000 ,-77.5947008 ,43.1867834 
1335,"72 Snowberry Cres Rochester, NY",123112 ,-77.7204040 ,43.1608650 
1336,"4 Lavender Cir Rochester, NY",145743 ,-77.6155777 ,43.0689448 
1337,"42-44 Cutler St Group 14621, Rochester, NY",73363 ,-77.6207910 ,43.1843190 
1338,"62 Nory Ln Rochester, NY",114900 ,-77.7283250 ,43.1734090 
1339,"360-362 Brooks Ave 19th Ward, Rochester, NY",118040 ,-77.6450580 ,43.1312640 
1342,"30 Jefferson Rd Rochester, NY",500000 ,-77.6779942 ,43.0926594 
1345,"102 Brown St Brown Square, Rochester, NY",279900 ,-77.6220153 ,43.1606629 
1346,"149 Northlane Dr Group 14621, Rochester, NY",78337 ,-77.5957854 ,43.1901071 
1347,"62 Perinton St Maplewood, Rochester, NY",106341 ,-77.6563039 ,43.1951783 
1348,"2185 Culver Rd Northland-Lyceum, Rochester, NY",140321 ,-77.5613320 ,43.1861601 
1349,"11 Janice Dr Rochester, NY",84800 ,-77.7274407 ,43.1045099 
1350,"183 Glide St United Neighbors Together, Rochester, NY",67000 ,-77.6543319 ,43.1549982 
1351,"81 Maricrest Dr Rochester, NY",125532 ,-77.6490478 ,43.2492068 
1352,"2923 Ridgeway Ave Rochester, NY",212170 ,-77.7311647 ,43.1866498 
1406,"364 Pemberton Rd Rochester, NY",100000 ,-77.5521870 ,43.2146780 
1447,"89 Alden Rd Rochester, NY",64900 ,-77.6891575 ,43.2117168 
1619,"688 Hidden Valley Rd Rochester, NY",46237 ,-77.7115070 ,43.1354180 
1647,"435 Waring Rd Northland-Lyceum, Rochester, NY",15000 ,-77.5692679 ,43.1860310 
1648,"437 Waring Rd Northland-Lyceum, Rochester, NY",15000 ,-77.5693440 ,43.1861570 
1649,"20 Black Creek Rd Rochester, NY",101229 ,-77.6818030 ,43.0941959 
1651,"131 Ontario St South Marketview Heights, Rochester, NY",4500 ,-77.5933903 ,43.1631952 
1653,"482 Stony Point Rd Rochester, NY",7500 ,-77.8181280 ,43.1371240 
1655,"52 Pixley Industrial Pkwy Rochester, NY",325000 ,-77.7144700 ,43.1404574 
1657," Brighton Henrietta Townline Rd Rochester, NY",350000 ,-77.6181655 ,43.0945693 
1660,"1529 Buffalo Rd Gates, NY",15900 ,-77.6920120 ,43.1492880 
1662,"155 Brush Hollow Rd Greece, NY",179900 ,-77.7001842 ,43.2050447 
1664,"494 Meadowbriar Rd Greece, NY",81345 ,-77.6577748 ,43.2465258 
1665,"1067 Britton Rd Greece, NY",77900 ,-77.6538180 ,43.2364279 
1666,"349 Stonewood Ave Greece, NY",89900 ,-77.6361189 ,43.2307130 
1668,"77 Desmond Rd Greece, NY",94900 ,-77.6491862 ,43.2327512 
1670,"5 Nile Dr Irondequoit, NY",129900 ,-77.5652740 ,43.2081820 
1671,"101 Mayfair Dr Irondequoit, NY",149900 ,-77.6070270 ,43.2125790 
1672,"96 Mont Morency Dr Greece, NY",134900 ,-77.6735758 ,43.2566211 
1673,"78 Bayard Way Greece, NY",268272 ,-77.7236858 ,43.2304751 
1675,"152 English Rd Greece, NY",89900 ,-77.6512700 ,43.2383474 
1676,"64 Woodsmoke Ln Greece, NY",189900 ,-77.7045907 ,43.2742449 
1677,"630 Whistlers Cove Ln Greece, NY",244900 ,-77.7214590 ,43.2788808 
1678,"476 Miller Ln Irondequoit, NY",170292 ,-77.5960209 ,43.2065590 
1679,"108 Hemlock Woods Ln Greece, NY",94063 ,-77.6632489 ,43.2206730 
1680,"48 Long Wood Dr Greece, NY",119900 ,-77.6983231 ,43.2606656 
1681,"32 Sudbury Dr Gates, NY",129900 ,-77.7156612 ,43.1288785 
1682,"181 Bright Autumn Ln Greece, NY",279900 ,-77.7108037 ,43.2185860 
1684,"43 Brownstone Ln #Pvt Greece, NY",129000 ,-77.6601855 ,43.2156605 
1687,"365 Conrad Dr Greece, NY",80000 ,-77.6381699 ,43.2334458 
1694,"52 Whitman Rd Greece, NY",79900 ,-77.6478822 ,43.2209332 
1695,"132 Shadowbrook Dr Greece, NY",79000 ,-77.6387761 ,43.2446878 
1698,"1986 Latta Rd Greece, NY",115000 ,-77.6642643 ,43.2528737 
1699,"583 Elmgrove Rd Gates, NY",79950 ,-77.7327267 ,43.1739811 
1700,"169 Leonard Rd Greece, NY",69900 ,-77.6517096 ,43.2375040 
1702,"52 Wahl Rd Irondequoit, NY",113900 ,-77.5596480 ,43.1924660 
1703,"454 Bennington Dr Greece, NY",6364 ,-77.6332203 ,43.2224500 
1705,"75 Melwood Dr Greece, NY",199900 ,-77.7292470 ,43.1960510 
1708,"1261 Weiland Rd Greece, NY",119900 ,-77.6969500 ,43.1939680 
1710,"3791 Saint Paul Blvd Irondequoit, NY",324900 ,-77.5992990 ,43.2243110 
1714,"1207 Westage At The Hbr Group 14621, Irondequoit, NY",61500 ,-77.6022420 ,43.2560540 
1716,"15 Belmore Way Greece, NY",163000 ,-77.6914466 ,43.2671137 
1717,"2654 Buffalo Rd Gates, NY",115000 ,-77.7235863 ,43.1449989 
1719,"791 Washington Ave Irondequoit, NY",164900 ,-77.5972230 ,43.2506879 
1720,"1048 Macintosh Dr Greece, NY",225000 ,-77.7304080 ,43.2419350 
1721,"51 Briar Wood Ln Greece, NY",149900 ,-77.6832102 ,43.2028843 
1722,"100 Straub Rd Greece, NY",29900 ,-77.7110108 ,43.1982538 
1723,"94 Daffodil Trl Greece, NY",189900 ,-77.7394260 ,43.2307116 
1724,"90 Wembly Rd Greece, NY",126000 ,-77.6565830 ,43.2396600 
1725,"19 Maylong Dr Greece, NY",149995 ,-77.6981797 ,43.2209820 
1726,"52 Winchester Rd Irondequoit, NY",145000 ,-77.6061790 ,43.2187460 
1727,"222 Hillbridge Dr Greece, NY",420300 ,-77.7231765 ,43.2473082 
1728,"110 Old Well Rd Greece, NY",324900 ,-77.6929852 ,43.1965571 
1729,"244 Hillbridge Dr Greece, NY",399900 ,-77.7233348 ,43.2473118 
1730,"27 Belmore Way Greece, NY",162900 ,-77.6911474 ,43.2671914 
1731,"10 Turning Leaf Ln Greece, NY",259900 ,-77.7159296 ,43.2663431 
1732,"85 Thatcher Rd Irondequoit, NY",129900 ,-77.6013780 ,43.2350570 
1733,"111 Daffodil Trl Greece, NY",219900 ,-77.7399538 ,43.2307207 
1734,"113 Wimbledon Rd Irondequoit, NY",134900 ,-77.6148492 ,43.2042955 
1735,"375 Belmore Way Greece, NY",309900 ,-77.6855903 ,43.2630089 
1737," Seneca Rd Irondequoit, NY",199900 ,-77.5483522 ,43.2163542 
1738,"156 Parklands Dr Greece, NY",169900 ,-77.6624332 ,43.2344036 
1739,"1310 Westage At The Hbr Irondequoit, NY",72900 ,-77.6021692 ,43.2562884 
1740,"20 Coran Cir Greece, NY",124900 ,-77.6571260 ,43.2303399 
1741,"25 Duncan Dr #Pvt Greece, NY",224900 ,-77.6809894 ,43.2448096 
1746,"18 Glen Cove Rise #18 Irondequoit, NY",142900 ,-73.6279352 ,40.8087959 
1747,"711 N Greece Rd Greece, NY",210000 ,-77.7337332 ,43.2479278 
1748,"673 Seneca Rd Irondequoit, NY",199900 ,-77.5407092 ,43.2142246 
1749,"232 Clearwater Cir Greece, NY",219900 ,-77.7042875 ,43.2588318 
1752," Geraldine Pkwy Gates, NY",110000 ,-77.7018881 ,43.1547477 
1754,"66 Kings Gate N Irondequoit, NY",183667 ,-77.5831660 ,43.2058980 
1755,"61 Mobile Dr Greece, NY",164083 ,-77.6580944 ,43.2448461 
1759,"560 Edgemere Dr Greece, NY",199900 ,-77.6413180 ,43.2756150 
1761,"254 Creighton Ln Greece, NY",248255 ,-77.7072890 ,43.2707610 
1768,"218 Sackets Lndg Greece, NY",269900 ,-77.7213504 ,43.2779945 
1769,"2211 Chili Ave Gates, NY",30000 ,-77.6921542 ,43.1304164 
1770,"59 California Dr Greece, NY",144428 ,-77.6360312 ,43.2218324 
1774,"20 Industrial Park Cir Gates, NY",82000 ,-77.7394430 ,43.1309080 
1775,"2724 Latta Rd #2734 Greece, NY",50000 ,-77.6849430 ,43.2532750 
1776,"3881 Lyell Rd Gates, NY",600000 ,-77.7321267 ,43.1644728 
1777," Elmgrove Rd Gates, NY",700000 ,-77.7323883 ,43.1713655 
1778,"3505 Buffalo Rd Gates, NY",200000 ,-77.7494450 ,43.1392669 
1779,"60 Caroline Dr Gates, NY",74900 ,-77.6731630 ,43.1354589 
1780,"10 Mariposa Dr Gates, NY",114840 ,-77.7252306 ,43.1266708 
1781,"169 Flower Dale Dr Greece, NY",103000 ,-77.7092009 ,43.2132130 
1782,"1169 Howard Rd Gates, NY",114900 ,-77.6913565 ,43.1407802 
1783,"17 Lianne Dr Greece, NY",124900 ,-77.7361090 ,43.2201478 
1784,"304 Pattonwood Dr Irondequoit, NY",104900 ,-77.6013460 ,43.2486930 
1785,"164 Elmgrove Rd Greece, NY",89000 ,-77.7316553 ,43.2030596 
1786,"41 Colebrook Dr Irondequoit, NY",795000 ,-77.5978397 ,43.2394945 
1787,"93 Briar Ln Irondequoit, NY",134900 ,-77.5612890 ,43.2132500 
1788,"9 Renaissance Dr Greece, NY",119900 ,-77.7169121 ,43.2196961 
1789,"72 Bancroft Dr Greece, NY",69900 ,-77.6490065 ,43.2343209 
1790,"340 Rock Beach Rd Irondequoit, NY",1295000 ,-77.5886560 ,43.2489400 
1791,"26 Athena Dr Greece, NY",99186 ,-77.6871255 ,43.2190269 
1793,"332 Leonard Rd Greece, NY",63192 ,-77.6563120 ,43.2377650 
1794,"1402 Blossom Rd Brighton, NY",24900 ,-77.5383047 ,43.1496518 
1795,"83 Rudman Dr Irondequoit, NY",125000 ,-77.5449299 ,43.2134870 
1797,"2716 Oakview Dr Irondequoit, NY",42900 ,-77.5841090 ,43.2193510 
1798,"3491 Latta Rd Greece, NY",164900 ,-77.7262491 ,43.2532906 
1799,"850 Highland Ave Brighton, NY",699000 ,-77.5910780 ,43.1318590 
1801,"206 California Dr Greece, NY",89900 ,-77.6377027 ,43.2247525 
1804,"296 Conrad Dr Greece, NY",99900 ,-77.6381977 ,43.2319909 
1806,"394 List Ave Irondequoit, NY",144900 ,-77.5922690 ,43.2182140 
1808,"248 Hillbridge Dr Greece, NY",409900 ,-77.7233348 ,43.2473118 
1809,"959 Lake Shore Blvd Irondequoit, NY",149900 ,-77.5849460 ,43.2439419 
1812,"59 Ford Ave Gates, NY",59000 ,-77.7032573 ,43.1728816 
1814,"530 Mill Rd Greece, NY",139900 ,-77.7467812 ,43.2318494 
1817,"147 Hilltop Rd Greece, NY",12228 ,-77.6371880 ,43.2395264 
1818,"523 Churchill Dr Greece, NY",11642 ,-77.6614368 ,43.2422619 
1822,"117 Sannita Dr Greece, NY",179500 ,-77.6858908 ,43.1977357 
1827,"93 Marc Mar Trl Gates, NY",259900 ,-77.7263724 ,43.1729454 
1828,"2870 Buffalo Rd Gates, NY",367750 ,-77.7297896 ,43.1444562 
1830,"82 Ronald Dr Greece, NY",119900 ,-77.6445570 ,43.2358860 
1834,"152 Torrey Pine Dr Greece, NY",131121 ,-77.7038664 ,43.2498566 
1835,"6 Glencross Cir Greece, NY",257900 ,-77.7206341 ,43.2365167 
1836,"711 Westage At The Hbr Irondequoit, NY",69900 ,-77.6022200 ,43.2553180 
1837,"260 Crosby Ln Greece, NY",149900 ,-77.6870800 ,43.2611120 
1838,"108 Falkirk Pl Greece, NY",175900 ,-77.6681929 ,43.2648933 
1841,"536 Mill Rd Greece, NY",299900 ,-77.7471537 ,43.2318557 
1842,"124 Duffern Dr Greece, NY",119900 ,-77.6458393 ,43.2198103 
1846,"2 Cedar Cove Trl #140 Gates, NY",179900 ,-81.3877417 ,34.0141713 
1847,"394 Saint Joseph St Irondequoit, NY",189900 ,-77.6091800 ,43.2305140 
1848,"458 Stone Rd Greece, NY",105000 ,-77.6397810 ,43.2243780 
1849,"133 Long Pond Rd #A Greece, NY",167900 ,-77.6864244 ,43.2874027 
1852,"528 Audubon Trl Irondequoit, NY",179900 ,-77.5685516 ,43.2103964 
1853,"230 Hillbridge Dr Greece, NY",343680 ,-77.7232669 ,43.2473103 
1855,"26 Long Pond Rd Greece, NY",39900 ,-77.6745650 ,43.2897940 
1856,"93 Van Voorhis Ave Irondequoit, NY",149900 ,-77.6146092 ,43.2323371 
1858,"3419 Dewey Ave Greece, NY",101872 ,-77.6469241 ,43.2318224 
1871,"156 Jersey Black Cir Greece, NY",366410 ,-77.7292640 ,43.2459320 
1873,"1570 Bay Shore Blvd Irondequoit, NY",99900 ,-77.5353590 ,43.2028090 
1874,"2 Foxwood Trl Gates, NY",49900 ,-77.1815702 ,43.2742429 
1875,"241 Carlisle St Greece, NY",116382 ,-77.6495970 ,43.2080780 
1876,"165 Old Well Rd Greece, NY",225218 ,-77.6950322 ,43.1959675 
1877,"41 Golden Oaks Way Gates, NY",273836 ,-77.7392488 ,43.1371389 
1879,"399 Stone Rd Greece, NY",189900 ,-77.6380894 ,43.2246258 
1907,"1848 Hudson Ave Irondequoit, NY",20000 ,-77.5996720 ,43.2010750 
1909,"1890 Hudson Ave Irondequoit, NY",29000 ,-77.5995130 ,43.2016220 
1911," Sand Pebble Dr Gates, NY",199900 ,-77.7852528 ,43.1173275 
1912,"1268 Vintage Ln Greece, NY",159900 ,-77.6868960 ,43.2314230 
